Country,70,59.5,32,9.5
"Afghanistan, 2015",45,172,1226,24
"Afghanistan, 2016",46,182,1253,24
"Afghanistan, 2017",46,195,1282,24
"Afghanistan, 2018",46,212,1301,23
"Afghanistan, 2019",47,229,1313,24
"African Region (WHO), 2015",8633,17206,36095,1638
"African Region (WHO), 2016",8744,17592,36574,1655
"African Region (WHO), 2017",8913,17967,37431,1668
"African Region (WHO), 2018",9089,18307,38757,1666
"African Region (WHO), 2019",9240,18743,39723,1661
"Albania, 2015",20,37,99,3
"Albania, 2016",21,37,97,3
"Albania, 2017",21,37,95,2
"Albania, 2018",22,37,93,2
"Albania, 2019",22,37,90,2
"Algeria, 2015",78,183,1202,20
"Algeria, 2016",80,191,1167,19
"Algeria, 2017",82,198,1152,19
"Algeria, 2018",86,205,1179,20
"Algeria, 2019",91,214,1191,20
"American Samoa, 2015",0,1,3,0
"American Samoa, 2016",0,1,3,0
"American Samoa, 2017",0,1,3,0
"American Samoa, 2018",0,1,3,0
"American Samoa, 2019",0,1,3,0
"Andorra, 2015",2,2,4,0
"Andorra, 2016",2,2,4,0
"Andorra, 2017",2,3,4,0
"Andorra, 2018",2,3,4,0
"Andorra, 2019",2,3,4,0
"Angola, 2015",183,515,941,53
"Angola, 2016",188,532,955,50
"Angola, 2017",193,550,1005,54
"Angola, 2018",201,576,1037,55
"Angola, 2019",210,605,1056,57
"Antigua and Barbuda, 2015",0,1,2,0
"Antigua and Barbuda, 2016",0,1,2,0
"Antigua and Barbuda, 2017",0,1,2,0
"Antigua and Barbuda, 2018",0,1,2,0
"Antigua and Barbuda, 2019",0,1,2,0
"Argentina, 2015",563,981,3174,56
"Argentina, 2016",591,1027,3253,54
"Argentina, 2017",606,1044,3275,53
"Argentina, 2018",604,1052,3300,53
"Argentina, 2019",614,1070,3293,51
"Armenia, 2015",80,96,125,1
"Armenia, 2016",78,97,121,1
"Armenia, 2017",76,95,117,1
"Armenia, 2018",74,93,120,1
"Armenia, 2019",74,93,120,1
"Australia, 2015",342,829,1828,12
"Australia, 2016",338,795,1783,12
"Australia, 2017",342,766,1738,11
"Australia, 2018",360,765,1740,11
"Australia, 2019",374,767,1746,11
"Austria, 2015",436,493,540,3
"Austria, 2016",430,493,530,3
"Austria, 2017",432,484,522,2
"Austria, 2018",428,477,521,3
"Austria, 2019",428,473,515,3
"Azerbaijan, 2015",33,97,242,4
"Azerbaijan, 2016",33,101,231,4
"Azerbaijan, 2017",32,104,229,3
"Azerbaijan, 2018",30,105,237,4
"Azerbaijan, 2019",30,107,238,3
"Bahamas, 2015",1,2,8,0
"Bahamas, 2016",1,3,8,0
"Bahamas, 2017",1,3,8,0
"Bahamas, 2018",1,3,8,0
"Bahamas, 2019",1,3,8,0
"Bahrain, 2015",1,9,73,0
"Bahrain, 2016",2,10,69,0
"Bahrain, 2017",2,11,67,0
"Bahrain, 2018",2,12,64,0
"Bahrain, 2019",2,13,62,0
"Bangladesh, 2015",452,1208,4791,405
"Bangladesh, 2016",484,1245,4772,387
"Bangladesh, 2017",554,1279,4898,366
"Bangladesh, 2018",605,1330,4931,347
"Bangladesh, 2019",682,1399,4956,328
"Barbados, 2015",3,4,6,0
"Barbados, 2016",3,4,6,0
"Barbados, 2017",3,5,6,0
"Barbados, 2018",3,5,6,0
"Barbados, 2019",4,5,6,0
"Belarus, 2015",363,826,1151,6
"Belarus, 2016",357,829,1104,5
"Belarus, 2017",358,838,1115,5
"Belarus, 2018",348,818,1148,6
"Belarus, 2019",348,797,1121,6
"Belgium, 2015",414,831,1005,4
"Belgium, 2016",416,830,983,4
"Belgium, 2017",425,832,983,4
"Belgium, 2018",432,819,976,4
"Belgium, 2019",439,806,963,4
"Belize, 2015",2,5,16,0
"Belize, 2016",2,5,17,0
"Belize, 2017",2,5,19,0
"Belize, 2018",2,6,19,0
"Belize, 2019",2,6,20,0
"Benin, 2015",100,182,363,23
"Benin, 2016",101,189,377,23
"Benin, 2017",102,198,391,24
"Benin, 2018",105,199,395,24
"Benin, 2019",108,203,407,24
"Bermuda, 2015",1,1,1,0
"Bermuda, 2016",1,1,1,0
"Bermuda, 2017",1,1,1,0
"Bermuda, 2018",1,1,1,0
"Bermuda, 2019",1,1,1,0
"Bhutan, 2015",5,9,25,0
"Bhutan, 2016",5,10,25,0
"Bhutan, 2017",5,10,25,0
"Bhutan, 2018",6,10,25,0
"Bhutan, 2019",6,10,24,0
"Bolivia, 2015",62,169,460,17
"Bolivia, 2016",64,175,470,17
"Bolivia, 2017",67,180,473,17
"Bolivia, 2018",69,184,472,17
"Bolivia, 2019",70,187,469,16
"Bosnia and Herzegovina, 2015",81,138,171,3
"Bosnia and Herzegovina, 2016",77,136,164,2
"Bosnia and Herzegovina, 2017",78,136,157,2
"Bosnia and Herzegovina, 2018",79,136,153,2
"Bosnia and Herzegovina, 2019",80,135,149,2
"Botswana, 2015",20,80,288,1
"Botswana, 2016",20,81,286,1
"Botswana, 2017",21,83,290,1
"Botswana, 2018",21,85,295,1
"Botswana, 2019",22,86,294,1
"Brazil, 2015",1081,3214,8929,157
"Brazil, 2016",1133,3392,9111,157
"Brazil, 2017",1158,3432,8938,155
"Brazil, 2018",1182,3397,8801,147
"Brazil, 2019",1227,3426,8707,143
"Brunei, 2015",2,5,15,0
"Brunei, 2016",2,5,16,0
"Brunei, 2017",2,5,16,0
"Brunei, 2018",2,5,17,0
"Brunei, 2019",2,6,17,0
"Bulgaria, 2015",304,385,368,3
"Bulgaria, 2016",313,391,372,3
"Bulgaria, 2017",318,391,371,3
"Bulgaria, 2018",329,387,371,3
"Bulgaria, 2019",334,382,367,4
"Burkina Faso, 2015",230,411,658,48
"Burkina Faso, 2016",229,438,701,49
"Burkina Faso, 2017",238,456,736,50
"Burkina Faso, 2018",244,472,763,51
"Burkina Faso, 2019",246,483,765,52
"Burundi, 2015",86,211,377,28
"Burundi, 2016",87,215,384,28
"Burundi, 2017",89,222,398,28
"Burundi, 2018",91,233,420,30
"Burundi, 2019",91,243,435,31
"Cambodia, 2015",56,177,503,11
"Cambodia, 2016",58,185,510,11
"Cambodia, 2017",60,192,513,10
"Cambodia, 2018",64,198,512,10
"Cambodia, 2019",66,204,505,10
"Cameroon, 2015",267,590,1163,55
"Cameroon, 2016",269,596,1199,58
"Cameroon, 2017",271,605,1230,59
"Cameroon, 2018",279,617,1267,59
"Cameroon, 2019",281,627,1294,58
"Canada, 2015",459,1688,2653,33
"Canada, 2016",466,1683,2689,35
"Canada, 2017",483,1659,2655,36
"Canada, 2018",518,1654,2558,35
"Canada, 2019",538,1626,2499,35
"Cape Verde, 2015",8,17,54,0
"Cape Verde, 2016",9,19,55,0
"Cape Verde, 2017",9,20,54,0
"Cape Verde, 2018",12,26,44,0
"Cape Verde, 2019",11,27,43,0
"Central African Republic, 2015",39,200,331,15
"Central African Republic, 2016",39,204,336,15
"Central African Republic, 2017",39,209,341,16
"Central African Republic, 2018",40,214,344,16
"Central African Republic, 2019",41,219,344,16
"Chad, 2015",145,266,429,38
"Chad, 2016",148,271,444,40
"Chad, 2017",151,277,461,41
"Chad, 2018",155,286,481,42
"Chad, 2019",158,294,500,44
"Chile, 2015",192,511,1246,15
"Chile, 2016",194,511,1233,14
"Chile, 2017",202,520,1241,14
"Chile, 2018",208,527,1246,13
"Chile, 2019",216,534,1243,13
"China, 2015",34605,40379,44752,716
"China, 2016",35235,41180,43949,681
"China, 2017",35886,41456,43432,638
"China, 2018",36644,41628,42738,600
"China, 2019",37561,41363,41717,577
"Colombia, 2015",201,463,1950,78
"Colombia, 2016",208,474,1933,72
"Colombia, 2017",214,486,1970,69
"Colombia, 2018",220,494,1974,65
"Colombia, 2019",228,499,1942,61
"Comoros, 2015",8,11,20,1
"Comoros, 2016",8,11,20,1
"Comoros, 2017",9,12,20,1
"Comoros, 2018",9,12,19,1
"Comoros, 2019",9,12,19,1
"Congo, 2015",48,115,207,7
"Congo, 2016",49,118,209,7
"Congo, 2017",50,123,213,7
"Congo, 2018",53,130,219,6
"Congo, 2019",56,137,224,6
"Cook Islands, 2015",0,1,1,0
"Cook Islands, 2016",0,1,1,0
"Cook Islands, 2017",0,1,1,0
"Cook Islands, 2018",0,1,1,0
"Cook Islands, 2019",0,1,1,0
"Costa Rica, 2015",19,81,253,4
"Costa Rica, 2016",20,85,277,4
"Costa Rica, 2017",20,86,286,4
"Costa Rica, 2018",22,91,274,4
"Costa Rica, 2019",23,92,270,4
"Cote d'Ivoire, 2015",246,557,1067,58
"Cote d'Ivoire, 2016",243,557,1055,57
"Cote d'Ivoire, 2017",245,562,1056,56
"Cote d'Ivoire, 2018",248,581,1085,55
"Cote d'Ivoire, 2019",251,578,1077,54
"Croatia, 2015",214,298,239,2
"Croatia, 2016",201,281,220,2
"Croatia, 2017",204,280,215,2
"Croatia, 2018",205,274,218,2
"Croatia, 2019",205,271,216,2
"Cuba, 2015",488,615,605,5
"Cuba, 2016",500,623,586,4
"Cuba, 2017",529,658,587,4
"Cuba, 2018",534,666,575,4
"Cuba, 2019",513,651,568,4
"Cyprus, 2015",7,16,39,0
"Cyprus, 2016",7,17,39,0
"Cyprus, 2017",7,17,39,0
"Cyprus, 2018",8,17,40,0
"Cyprus, 2019",8,18,41,0
"Czechia, 2015",291,558,718,3
"Czechia, 2016",294,540,698,3
"Czechia, 2017",302,531,688,3
"Czechia, 2018",314,521,675,3
"Czechia, 2019",319,501,656,3
"Democratic Republic of Congo, 2015",605,1661,2864,166
"Democratic Republic of Congo, 2016",611,1700,2942,162
"Democratic Republic of Congo, 2017",625,1752,3026,160
"Democratic Republic of Congo, 2018",652,1842,3141,161
"Democratic Republic of Congo, 2019",684,1931,3207,157
"Denmark, 2015",148,253,249,1
"Denmark, 2016",156,255,250,1
"Denmark, 2017",163,257,250,1
"Denmark, 2018",169,253,250,1
"Denmark, 2019",172,247,248,1
"Djibouti, 2015",7,20,35,2
"Djibouti, 2016",8,20,36,2
"Djibouti, 2017",8,21,37,2
"Djibouti, 2018",9,22,39,2
"Djibouti, 2019",9,23,40,2
"Dominica, 2015",1,1,2,0
"Dominica, 2016",1,1,2,0
"Dominica, 2017",1,1,2,0
"Dominica, 2018",1,1,2,0
"Dominica, 2019",1,1,2,0
"Dominican Republic, 2015",83,178,454,6
"Dominican Republic, 2016",83,179,457,6
"Dominican Republic, 2017",81,175,444,6
"Dominican Republic, 2018",80,170,430,5
"Dominican Republic, 2019",80,167,419,5
"East Asia & Pacific (WB), 2015",49212,64953,89307,1177
"East Asia & Pacific (WB), 2016",49841,65745,88032,1125
"East Asia & Pacific (WB), 2017",50778,65887,87038,1068
"East Asia & Pacific (WB), 2018",52007,66228,86268,1017
"East Asia & Pacific (WB), 2019",53452,66216,84859,981
"Eastern Mediterranean Region (WHO), 2015",1402,5304,30716,806
"Eastern Mediterranean Region (WHO), 2016",1437,5464,31257,816
"Eastern Mediterranean Region (WHO), 2017",1470,5605,31721,819
"Eastern Mediterranean Region (WHO), 2018",1521,5777,32066,807
"Eastern Mediterranean Region (WHO), 2019",1588,5959,32293,798
"Ecuador, 2015",95,244,1124,76
"Ecuador, 2016",100,259,1139,72
"Ecuador, 2017",103,268,1177,71
"Ecuador, 2018",105,270,1202,68
"Ecuador, 2019",105,267,1240,66
"Egypt, 2015",168,735,1974,44
"Egypt, 2016",173,754,1981,43
"Egypt, 2017",172,757,2031,45
"Egypt, 2018",178,771,2057,45
"Egypt, 2019",186,783,2091,46
"El Salvador, 2015",38,91,407,10
"El Salvador, 2016",38,93,402,10
"El Salvador, 2017",39,93,399,9
"El Salvador, 2018",39,92,400,8
"El Salvador, 2019",41,95,388,8
"England, 2015",511,1347,2509,8
"England, 2016",513,1371,2534,8
"England, 2017",528,1372,2528,8
"England, 2018",554,1367,2508,8
"England, 2019",567,1365,2496,9
"Equatorial Guinea, 2015",9,14,39,2
"Equatorial Guinea, 2016",9,15,42,2
"Equatorial Guinea, 2017",9,16,44,2
"Equatorial Guinea, 2018",10,17,46,2
"Equatorial Guinea, 2019",10,18,48,2
"Eritrea, 2015",43,150,312,14
"Eritrea, 2016",45,154,318,14
"Eritrea, 2017",46,159,325,14
"Eritrea, 2018",47,165,336,14
"Eritrea, 2019",47,171,348,14
"Estonia, 2015",46,75,90,1
"Estonia, 2016",47,76,89,1
"Estonia, 2017",47,74,91,1
"Estonia, 2018",47,73,91,1
"Estonia, 2019",47,71,89,1
"Eswatini, 2015",10,44,173,1
"Eswatini, 2016",10,44,172,1
"Eswatini, 2017",10,44,172,1
"Eswatini, 2018",11,44,172,1
"Eswatini, 2019",11,44,171,1
"Ethiopia, 2015",992,1330,2592,175
"Ethiopia, 2016",1020,1354,2664,175
"Ethiopia, 2017",1047,1388,2752,179
"Ethiopia, 2018",1075,1428,2844,180
"Ethiopia, 2019",1087,1473,2918,177
"Europe & Central Asia (WB), 2015",22986,45225,77235,693
"Europe & Central Asia (WB), 2016",22688,44493,74250,673
"Europe & Central Asia (WB), 2017",22728,43257,71681,639
"Europe & Central Asia (WB), 2018",23049,42670,71402,632
"Europe & Central Asia (WB), 2019",23406,42049,70438,626
"European Region (WHO), 2015",23128,45441,77580,697
"European Region (WHO), 2016",22830,44709,74603,677
"European Region (WHO), 2017",22874,43470,72039,643
"European Region (WHO), 2018",23201,42884,71765,636
"European Region (WHO), 2019",23563,42265,70808,630
"Fiji, 2015",4,16,63,2
"Fiji, 2016",5,16,63,2
"Fiji, 2017",5,16,62,2
"Fiji, 2018",5,16,62,2
"Fiji, 2019",5,16,61,2
"Finland, 2015",124,295,402,2
"Finland, 2016",129,293,399,2
"Finland, 2017",135,290,399,2
"Finland, 2018",143,291,403,2
"Finland, 2019",155,306,410,2
"France, 2015",2726,3920,4698,24
"France, 2016",2734,3795,4420,22
"France, 2017",2819,3818,4379,21
"France, 2018",2881,3720,4425,22
"France, 2019",2954,3653,4384,22
"G20, 2015",84536,149041,311488,5230
"G20, 2016",85485,150218,307779,4775
"G20, 2017",87066,148779,306652,4457
"G20, 2018",89584,148235,313757,4711
"G20, 2019",91966,147735,313614,4670
"Gabon, 2015",24,53,80,2
"Gabon, 2016",24,55,82,2
"Gabon, 2017",25,57,83,2
"Gabon, 2018",25,58,84,2
"Gabon, 2019",25,61,84,2
"Gambia, 2015",20,28,54,3
"Gambia, 2016",20,31,59,3
"Gambia, 2017",21,34,64,3
"Gambia, 2018",22,35,65,3
"Gambia, 2019",22,36,68,3
"Georgia, 2015",73,112,146,1
"Georgia, 2016",69,112,148,1
"Georgia, 2017",66,109,146,1
"Georgia, 2018",65,107,144,1
"Georgia, 2019",64,106,142,1
"Germany, 2015",3445,4077,4117,19
"Germany, 2016",3448,4095,4050,19
"Germany, 2017",3446,4113,4036,19
"Germany, 2018",3474,4126,4017,19
"Germany, 2019",3535,4112,3998,19
"Ghana, 2015",288,571,1021,43
"Ghana, 2016",292,588,1067,44
"Ghana, 2017",299,601,1099,44
"Ghana, 2018",301,602,1097,42
"Ghana, 2019",305,610,1110,41
"Greece, 2015",120,184,217,1
"Greece, 2016",123,183,210,1
"Greece, 2017",122,180,202,1
"Greece, 2018",126,174,203,1
"Greece, 2019",130,169,201,1
"Greenland, 2015",2,12,23,0
"Greenland, 2016",2,12,22,0
"Greenland, 2017",2,12,21,0
"Greenland, 2018",2,12,21,0
"Greenland, 2019",2,12,20,0
"Grenada, 2015",1,2,3,0
"Grenada, 2016",1,2,3,0
"Grenada, 2017",1,2,3,0
"Grenada, 2018",1,2,3,0
"Grenada, 2019",1,2,3,0
"Guam, 2015",2,5,24,0
"Guam, 2016",2,6,24,0
"Guam, 2017",2,6,24,0
"Guam, 2018",2,6,24,0
"Guam, 2019",2,6,23,0
"Guatemala, 2015",37,104,678,15
"Guatemala, 2016",37,105,702,15
"Guatemala, 2017",39,103,734,15
"Guatemala, 2018",41,106,755,15
"Guatemala, 2019",43,108,788,14
"Guinea, 2015",132,235,386,30
"Guinea, 2016",130,237,393,30
"Guinea, 2017",129,236,399,31
"Guinea, 2018",129,237,407,31
"Guinea, 2019",128,236,411,30
"Guinea-Bissau, 2015",14,45,92,4
"Guinea-Bissau, 2016",15,45,94,4
"Guinea-Bissau, 2017",15,45,95,4
"Guinea-Bissau, 2018",15,46,96,4
"Guinea-Bissau, 2019",15,46,98,4
"Guyana, 2015",15,56,188,2
"Guyana, 2016",16,57,189,2
"Guyana, 2017",15,58,192,2
"Guyana, 2018",15,58,189,2
"Guyana, 2019",15,56,177,2
"Haiti, 2015",59,185,687,21
"Haiti, 2016",60,189,701,21
"Haiti, 2017",61,192,713,22
"Haiti, 2018",63,197,723,22
"Haiti, 2019",64,200,731,22
"Honduras, 2015",35,64,117,2
"Honduras, 2016",35,65,120,2
"Honduras, 2017",36,67,124,2
"Honduras, 2018",37,68,128,2
"Honduras, 2019",37,69,132,2
"Hungary, 2015",488,860,771,3
"Hungary, 2016",478,804,717,3
"Hungary, 2017",480,779,693,3
"Hungary, 2018",492,774,687,3
"Hungary, 2019",480,726,693,3
"Iceland, 2015",8,12,17,0
"Iceland, 2016",8,12,17,0
"Iceland, 2017",8,12,17,0
"Iceland, 2018",8,12,17,0
"Iceland, 2019",8,12,17,0
"India, 2015",11022,31256,134807,3122
"India, 2016",11306,31956,134188,2720
"India, 2017",11735,31982,136295,2487
"India, 2018",12404,32026,144586,2805
"India, 2019",12781,32357,147380,2819
"Indonesia, 2015",647,1424,5231,107
"Indonesia, 2016",664,1463,5225,103
"Indonesia, 2017",678,1501,5258,101
"Indonesia, 2018",697,1553,5243,97
"Indonesia, 2019",719,1608,5237,93
"Iran, 2015",204,612,3817,42
"Iran, 2016",209,634,3775,39
"Iran, 2017",212,650,3717,38
"Iran, 2018",217,654,3566,37
"Iran, 2019",227,642,3266,36
"Iraq, 2015",78,311,1614,12
"Iraq, 2016",81,320,1619,11
"Iraq, 2017",84,331,1637,11
"Iraq, 2018",91,349,1643,10
"Iraq, 2019",100,369,1597,9
"Ireland, 2015",28,138,296,2
"Ireland, 2016",29,135,281,2
"Ireland, 2017",30,134,276,2
"Ireland, 2018",31,132,277,2
"Ireland, 2019",32,131,271,2
"Israel, 2015",90,145,275,3
"Israel, 2016",89,145,279,3
"Israel, 2017",93,143,283,3
"Israel, 2018",99,143,289,3
"Israel, 2019",102,144,295,3
"Italy, 2015",1160,1529,1712,8
"Italy, 2016",1140,1504,1624,8
"Italy, 2017",1155,1496,1571,8
"Italy, 2018",1182,1495,1585,7
"Italy, 2019",1210,1506,1593,7
"Jamaica, 2015",10,21,49,1
"Jamaica, 2016",10,21,50,1
"Jamaica, 2017",10,22,51,1
"Jamaica, 2018",10,22,52,1
"Jamaica, 2019",10,22,55,1
"Japan, 2015",6496,9090,10783,65
"Japan, 2016",6377,8769,10352,62
"Japan, 2017",6440,8353,9881,59
"Japan, 2018",6706,8231,9823,56
"Japan, 2019",6967,8109,9644,54
"Jordan, 2015",12,33,152,2
"Jordan, 2016",12,36,161,2
"Jordan, 2017",13,39,169,2
"Jordan, 2018",15,43,182,2
"Jordan, 2019",16,47,195,2
"Kazakhstan, 2015",311,1034,3177,56
"Kazakhstan, 2016",312,1043,2971,56
"Kazakhstan, 2017",316,1035,2868,54
"Kazakhstan, 2018",315,1037,2841,55
"Kazakhstan, 2019",304,1015,2901,55
"Kenya, 2015",432,870,1491,65
"Kenya, 2016",447,887,1509,64
"Kenya, 2017",463,906,1535,63
"Kenya, 2018",483,939,1572,63
"Kenya, 2019",501,981,1610,63
"Kiribati, 2015",1,3,26,1
"Kiribati, 2016",1,3,26,1
"Kiribati, 2017",1,3,26,1
"Kiribati, 2018",1,3,26,1
"Kiribati, 2019",1,3,26,1
"Kuwait, 2015",5,14,94,1
"Kuwait, 2016",5,16,97,1
"Kuwait, 2017",5,17,100,1
"Kuwait, 2018",6,18,103,1
"Kuwait, 2019",7,20,107,1
"Kyrgyzstan, 2015",28,116,446,21
"Kyrgyzstan, 2016",27,116,414,20
"Kyrgyzstan, 2017",27,118,409,19
"Kyrgyzstan, 2018",27,121,428,18
"Kyrgyzstan, 2019",27,124,432,18
"Laos, 2015",19,64,344,7
"Laos, 2016",19,65,349,7
"Laos, 2017",20,66,349,7
"Laos, 2018",20,68,344,6
"Laos, 2019",21,70,333,6
"Latin America & Caribbean (WB), 2015",3886,9196,29677,758
"Latin America & Caribbean (WB), 2016",4024,9564,30143,740
"Latin America & Caribbean (WB), 2017",4157,9806,30405,728
"Latin America & Caribbean (WB), 2018",4241,9876,30385,698
"Latin America & Caribbean (WB), 2019",4355,10043,29930,666
"Latvia, 2015",82,154,197,1
"Latvia, 2016",78,143,180,1
"Latvia, 2017",78,141,180,1
"Latvia, 2018",78,140,177,1
"Latvia, 2019",78,137,175,1
"Lebanon, 2015",17,29,130,1
"Lebanon, 2016",17,29,130,1
"Lebanon, 2017",17,29,131,1
"Lebanon, 2018",17,29,130,1
"Lebanon, 2019",17,29,129,1
"Lesotho, 2015",48,210,495,1
"Lesotho, 2016",47,206,490,1
"Lesotho, 2017",47,204,486,1
"Lesotho, 2018",47,202,487,1
"Lesotho, 2019",49,200,486,1
"Liberia, 2015",35,62,137,7
"Liberia, 2016",35,63,139,7
"Liberia, 2017",34,65,140,7
"Liberia, 2018",35,65,144,7
"Liberia, 2019",35,67,150,7
"Libya, 2015",12,37,273,2
"Libya, 2016",13,40,271,2
"Libya, 2017",13,43,274,2
"Libya, 2018",14,46,278,2
"Libya, 2019",15,50,280,2
"Lithuania, 2015",162,385,528,3
"Lithuania, 2016",162,379,490,3
"Lithuania, 2017",152,337,421,2
"Lithuania, 2018",150,330,400,2
"Lithuania, 2019",146,319,390,2
"Luxembourg, 2015",14,20,32,0
"Luxembourg, 2016",14,20,31,0
"Luxembourg, 2017",15,21,32,0
"Luxembourg, 2018",15,21,32,0
"Luxembourg, 2019",15,22,32,0
"Madagascar, 2015",146,392,778,48
"Madagascar, 2016",148,405,800,48
"Madagascar, 2017",153,420,822,48
"Madagascar, 2018",158,436,844,48
"Madagascar, 2019",161,451,863,47
"Malawi, 2015",155,301,606,41
"Malawi, 2016",159,308,626,41
"Malawi, 2017",163,312,639,40
"Malawi, 2018",167,319,658,41
"Malawi, 2019",170,324,673,42
"Malaysia, 2015",193,433,880,5
"Malaysia, 2016",212,442,937,4
"Malaysia, 2017",223,451,983,4
"Malaysia, 2018",234,462,1011,4
"Malaysia, 2019",256,483,1059,4
"Maldives, 2015",1,2,13,0
"Maldives, 2016",1,2,14,0
"Maldives, 2017",1,2,15,0
"Maldives, 2018",2,2,15,0
"Maldives, 2019",2,3,16,0
"Mali, 2015",125,237,402,36
"Mali, 2016",128,251,434,40
"Mali, 2017",132,260,461,41
"Mali, 2018",134,267,477,42
"Mali, 2019",137,273,494,43
"Malta, 2015",5,7,11,0
"Malta, 2016",6,7,11,0
"Malta, 2017",6,7,11,0
"Malta, 2018",6,7,11,0
"Malta, 2019",7,7,11,0
"Marshall Islands, 2015",0,1,10,0
"Marshall Islands, 2016",0,1,10,0
"Marshall Islands, 2017",0,1,10,0
"Marshall Islands, 2018",0,1,10,0
"Marshall Islands, 2019",0,2,10,0
"Mauritania, 2015",31,43,67,4
"Mauritania, 2016",31,44,67,4
"Mauritania, 2017",32,46,70,4
"Mauritania, 2018",33,46,70,4
"Mauritania, 2019",34,47,70,4
"Mauritius, 2015",6,21,90,1
"Mauritius, 2016",6,22,87,1
"Mauritius, 2017",6,22,87,1
"Mauritius, 2018",7,22,85,1
"Mauritius, 2019",7,22,83,1
"Mexico, 2015",410,1090,5457,213
"Mexico, 2016",417,1130,5687,209
"Mexico, 2017",439,1211,6069,208
"Mexico, 2018",452,1241,6147,198
"Mexico, 2019",481,1302,5840,182
"Micronesia (country), 2015",1,3,19,0
"Micronesia (country), 2016",1,3,19,0
"Micronesia (country), 2017",1,3,19,0
"Micronesia (country), 2018",1,3,19,0
"Micronesia (country), 2019",1,4,19,0
"Middle East & North Africa (WB), 2015",982,3336,15195,196
"Middle East & North Africa (WB), 2016",1003,3448,15200,189
"Middle East & North Africa (WB), 2017",1026,3542,15272,189
"Middle East & North Africa (WB), 2018",1067,3650,15311,189
"Middle East & North Africa (WB), 2019",1120,3755,15132,186
"Moldova, 2015",54,281,350,3
"Moldova, 2016",50,270,328,3
"Moldova, 2017",47,241,295,3
"Moldova, 2018",46,232,282,3
"Moldova, 2019",47,219,281,3
"Monaco, 2015",2,2,2,0
"Monaco, 2016",2,2,2,0
"Monaco, 2017",2,2,2,0
"Monaco, 2018",2,2,2,0
"Monaco, 2019",2,2,2,0
"Mongolia, 2015",8,66,513,18
"Mongolia, 2016",9,70,514,15
"Mongolia, 2017",9,73,518,15
"Mongolia, 2018",10,74,509,14
"Mongolia, 2019",10,75,494,12
"Montenegro, 2015",27,45,44,1
"Montenegro, 2016",28,47,44,0
"Montenegro, 2017",28,47,43,0
"Montenegro, 2018",27,47,44,0
"Montenegro, 2019",27,46,43,0
"Morocco, 2015",165,586,1763,22
"Morocco, 2016",166,607,1737,22
"Morocco, 2017",170,630,1709,21
"Morocco, 2018",176,654,1689,20
"Morocco, 2019",183,677,1687,19
"Mozambique, 2015",299,701,1208,67
"Mozambique, 2016",302,707,1240,65
"Mozambique, 2017",308,713,1271,61
"Mozambique, 2018",315,720,1305,58
"Mozambique, 2019",317,728,1335,62
"Myanmar, 2015",136,391,1533,40
"Myanmar, 2016",140,402,1535,40
"Myanmar, 2017",133,387,1471,37
"Myanmar, 2018",127,374,1407,35
"Myanmar, 2019",133,387,1402,34
"Namibia, 2015",23,54,167,1
"Namibia, 2016",24,56,171,1
"Namibia, 2017",24,57,174,1
"Namibia, 2018",24,59,177,1
"Namibia, 2019",25,60,175,1
"Nauru, 2015",0,0,2,0
"Nauru, 2016",0,0,2,0
"Nauru, 2017",0,0,2,0
"Nauru, 2018",0,0,2,0
"Nauru, 2019",0,0,2,0
"Nepal, 2015",184,769,2373,37
"Nepal, 2016",191,785,2390,36
"Nepal, 2017",198,800,2392,35
"Nepal, 2018",207,826,2404,33
"Nepal, 2019",218,857,2421,32
"Netherlands, 2015",318,820,891,5
"Netherlands, 2016",331,836,887,5
"Netherlands, 2017",342,822,873,4
"Netherlands, 2018",356,809,859,4
"Netherlands, 2019",369,798,845,5
"New Zealand, 2015",51,134,323,4
"New Zealand, 2016",51,135,325,4
"New Zealand, 2017",52,134,321,3
"New Zealand, 2018",57,134,318,4
"New Zealand, 2019",59,134,316,4
"Nicaragua, 2015",21,58,250,12
"Nicaragua, 2016",22,63,273,12
"Nicaragua, 2017",22,62,259,11
"Nicaragua, 2018",23,65,253,10
"Nicaragua, 2019",24,67,253,10
"Niger, 2015",115,254,406,40
"Niger, 2016",120,267,431,43
"Niger, 2017",125,278,455,45
"Niger, 2018",129,290,479,45
"Niger, 2019",133,296,496,46
"Nigeria, 2015",1469,2050,3763,217
"Nigeria, 2016",1461,2098,3841,224
"Nigeria, 2017",1474,2122,3882,227
"Nigeria, 2018",1490,2156,3925,228
"Nigeria, 2019",1506,2221,4015,228
"Niue, 2015",0,0,0,0
"Niue, 2016",0,0,0,0
"Niue, 2017",0,0,0,0
"Niue, 2018",0,0,0,0
"Niue, 2019",0,0,0,0
"North America (WB), 2015",6046,17635,26970,394
"North America (WB), 2016",6263,17965,27794,404
"North America (WB), 2017",6446,17606,27133,392
"North America (WB), 2018",6861,17615,25915,389
"North America (WB), 2019",7096,17469,25103,383
"North Korea, 2015",480,941,1501,22
"North Korea, 2016",488,954,1489,20
"North Korea, 2017",493,971,1475,19
"North Korea, 2018",492,994,1453,18
"North Korea, 2019",488,1019,1431,17
"North Macedonia, 2015",49,76,83,1
"North Macedonia, 2016",49,76,85,1
"North Macedonia, 2017",49,76,85,1
"North Macedonia, 2018",50,76,83,1
"North Macedonia, 2019",51,76,83,1
"Northern Ireland, 2015",18,54,145,0
"Northern Ireland, 2016",17,52,138,0
"Northern Ireland, 2017",16,50,135,0
"Northern Ireland, 2018",18,50,136,0
"Northern Ireland, 2019",18,50,132,0
"Northern Mariana Islands, 2015",0,2,5,0
"Northern Mariana Islands, 2016",0,3,5,0
"Northern Mariana Islands, 2017",0,3,5,0
"Northern Mariana Islands, 2018",0,3,5,0
"Northern Mariana Islands, 2019",0,3,5,0
"Norway, 2015",72,187,304,3
"Norway, 2016",73,187,310,3
"Norway, 2017",72,181,307,3
"Norway, 2018",75,178,308,3
"Norway, 2019",77,178,303,3
"OECD Countries, 2015",31045,57132,81751,912
"OECD Countries, 2016",31141,56824,81208,902
"OECD Countries, 2017",31750,56075,79997,876
"OECD Countries, 2018",32832,55767,78831,859
"OECD Countries, 2019",33782,55418,77295,833
"Oman, 2015",4,12,95,1
"Oman, 2016",4,12,97,1
"Oman, 2017",4,12,98,1
"Oman, 2018",4,12,99,1
"Oman, 2019",4,12,101,1
"Pakistan, 2015",403,1610,13593,514
"Pakistan, 2016",414,1650,14010,528
"Pakistan, 2017",425,1683,14311,529
"Pakistan, 2018",437,1725,14566,518
"Pakistan, 2019",453,1785,14938,512
"Palau, 2015",0,1,2,0
"Palau, 2016",0,1,2,0
"Palau, 2017",0,1,2,0
"Palau, 2018",0,1,2,0
"Palau, 2019",0,1,2,0
"Palestine, 2015",4,16,86,1
"Palestine, 2016",5,17,88,1
"Palestine, 2017",5,17,89,1
"Palestine, 2018",5,18,92,1
"Palestine, 2019",5,20,98,1
"Panama, 2015",17,37,126,3
"Panama, 2016",18,38,126,3
"Panama, 2017",18,39,130,3
"Panama, 2018",19,39,136,3
"Panama, 2019",19,40,137,3
"Papua New Guinea, 2015",10,48,200,5
"Papua New Guinea, 2016",10,50,203,5
"Papua New Guinea, 2017",11,52,209,5
"Papua New Guinea, 2018",11,54,216,5
"Papua New Guinea, 2019",11,56,216,6
"Paraguay, 2015",22,70,285,14
"Paraguay, 2016",24,76,303,14
"Paraguay, 2017",24,77,306,13
"Paraguay, 2018",24,77,308,13
"Paraguay, 2019",25,78,312,12
"Peru, 2015",84,173,663,18
"Peru, 2016",86,178,667,18
"Peru, 2017",89,181,687,17
"Peru, 2018",92,186,703,16
"Peru, 2019",95,192,713,16
"Philippines, 2015",203,692,3178,64
"Philippines, 2016",208,709,3276,65
"Philippines, 2017",210,722,3398,63
"Philippines, 2018",216,738,3475,62
"Philippines, 2019",224,760,3524,61
"Poland, 2015",651,2698,3552,18
"Poland, 2016",649,2600,3439,16
"Poland, 2017",667,2565,3426,16
"Poland, 2018",700,2496,3434,17
"Poland, 2019",730,2442,3389,17
"Portugal, 2015",522,493,419,1
"Portugal, 2016",513,481,382,1
"Portugal, 2017",508,466,358,1
"Portugal, 2018",512,448,386,1
"Portugal, 2019",519,443,394,1
"Puerto Rico, 2015",43,89,113,0
"Puerto Rico, 2016",44,89,112,0
"Puerto Rico, 2017",46,89,115,0
"Puerto Rico, 2018",48,87,115,0
"Puerto Rico, 2019",49,85,115,0
"Qatar, 2015",1,9,115,0
"Qatar, 2016",1,9,115,0
"Qatar, 2017",1,10,114,0
"Qatar, 2018",1,10,116,0
"Qatar, 2019",1,11,119,0
"Region of the Americas (WHO), 2015",9886,26737,56530,1152
"Region of the Americas (WHO), 2016",10240,27436,57821,1144
"Region of the Americas (WHO), 2017",10554,27318,57418,1119
"Region of the Americas (WHO), 2018",11050,27399,56181,1086
"Region of the Americas (WHO), 2019",11399,27421,54915,1049
"Romania, 2015",366,885,1087,12
"Romania, 2016",361,870,1041,11
"Romania, 2017",358,856,1014,11
"Romania, 2018",361,872,973,10
"Romania, 2019",368,865,937,11
"Russia, 2015",4896,12803,26847,164
"Russia, 2016",4747,12552,25115,161
"Russia, 2017",4601,11481,23595,151
"Russia, 2018",4599,11132,23894,154
"Russia, 2019",4664,10891,23327,159
"Rwanda, 2015",91,186,357,22
"Rwanda, 2016",95,194,370,22
"Rwanda, 2017",98,202,382,22
"Rwanda, 2018",103,213,397,22
"Rwanda, 2019",106,222,409,22
"Saint Kitts and Nevis, 2015",0,1,1,0
"Saint Kitts and Nevis, 2016",0,1,1,0
"Saint Kitts and Nevis, 2017",0,1,1,0
"Saint Kitts and Nevis, 2018",0,1,1,0
"Saint Kitts and Nevis, 2019",0,1,1,0
"Saint Lucia, 2015",2,3,8,0
"Saint Lucia, 2016",2,3,8,0
"Saint Lucia, 2017",2,4,8,0
"Saint Lucia, 2018",2,4,7,0
"Saint Lucia, 2019",2,4,7,0
"Saint Vincent and the Grenadines, 2015",1,2,4,0
"Saint Vincent and the Grenadines, 2016",1,2,4,0
"Saint Vincent and the Grenadines, 2017",1,2,4,0
"Saint Vincent and the Grenadines, 2018",1,2,4,0
"Saint Vincent and the Grenadines, 2019",1,3,4,0
"Samoa, 2015",2,3,19,1
"Samoa, 2016",2,3,19,1
"Samoa, 2017",2,4,19,1
"Samoa, 2018",2,4,20,1
"Samoa, 2019",2,4,20,0
"San Marino, 2015",1,1,2,0
"San Marino, 2016",1,1,2,0
"San Marino, 2017",1,1,2,0
"San Marino, 2018",1,1,2,0
"San Marino, 2019",1,1,2,0
"Sao Tome and Principe, 2015",0,1,3,0
"Sao Tome and Principe, 2016",0,1,3,0
"Sao Tome and Principe, 2017",0,1,3,0
"Sao Tome and Principe, 2018",0,1,3,0
"Sao Tome and Principe, 2019",0,1,3,0
"Saudi Arabia, 2015",28,216,1327,3
"Saudi Arabia, 2016",28,221,1372,3
"Saudi Arabia, 2017",28,225,1416,3
"Saudi Arabia, 2018",29,232,1466,2
"Saudi Arabia, 2019",30,241,1517,2
"Scotland, 2015",60,190,394,1
"Scotland, 2016",60,199,416,1
"Scotland, 2017",62,200,421,1
"Scotland, 2018",67,205,408,1
"Scotland, 2019",70,203,396,1
"Senegal, 2015",209,327,478,29
"Senegal, 2016",216,337,504,30
"Senegal, 2017",218,339,510,30
"Senegal, 2018",217,343,509,29
"Senegal, 2019",221,355,522,28
"Serbia, 2015",484,620,521,3
"Serbia, 2016",459,594,489,2
"Serbia, 2017",461,594,483,2
"Serbia, 2018",475,576,490,2
"Serbia, 2019",473,571,490,2
"Seychelles, 2015",1,2,6,0
"Seychelles, 2016",1,2,6,0
"Seychelles, 2017",1,2,6,0
"Seychelles, 2018",1,2,6,0
"Seychelles, 2019",1,2,6,0
"Sierra Leone, 2015",68,115,228,15
"Sierra Leone, 2016",68,119,238,15
"Sierra Leone, 2017",70,123,248,16
"Sierra Leone, 2018",72,128,261,16
"Sierra Leone, 2019",73,133,270,16
"Singapore, 2015",80,141,237,2
"Singapore, 2016",83,145,229,2
"Singapore, 2017",89,141,213,2
"Singapore, 2018",95,146,209,2
"Singapore, 2019",101,150,211,2
"Slovakia, 2015",98,300,364,2
"Slovakia, 2016",95,281,335,2
"Slovakia, 2017",97,279,330,2
"Slovakia, 2018",99,271,332,2
"Slovakia, 2019",101,265,327,2
"Slovenia, 2015",108,171,152,1
"Slovenia, 2016",105,169,146,1
"Slovenia, 2017",106,171,143,1
"Slovenia, 2018",107,168,141,1
"Slovenia, 2019",107,164,137,1
"Solomon Islands, 2015",2,14,119,2
"Solomon Islands, 2016",2,14,121,2
"Solomon Islands, 2017",2,14,123,2
"Solomon Islands, 2018",2,15,124,3
"Solomon Islands, 2019",2,15,124,2
"Somalia, 2015",91,343,667,54
"Somalia, 2016",95,344,702,56
"Somalia, 2017",99,345,737,56
"Somalia, 2018",103,349,774,58
"Somalia, 2019",108,351,807,59
"South Africa, 2015",459,1469,5526,4
"South Africa, 2016",461,1468,5267,4
"South Africa, 2017",461,1466,5389,3
"South Africa, 2018",440,1322,5894,3
"South Africa, 2019",439,1250,6173,2
"South Asia (WB), 2015",12739,36118,159241,4125
"South Asia (WB), 2016",13094,36931,159145,3718
"South Asia (WB), 2017",13627,37063,161750,3463
"South Asia (WB), 2018",14371,37213,170491,3751
"South Asia (WB), 2019",14880,37727,173671,3738
"South Korea, 2015",3556,4818,6098,29
"South Korea, 2016",3551,4797,5815,25
"South Korea, 2017",3679,4884,5714,24
"South Korea, 2018",3755,4947,5703,25
"South Korea, 2019",3869,5059,5622,25
"South Sudan, 2015",69,117,194,16
"South Sudan, 2016",69,119,183,16
"South Sudan, 2017",70,122,183,16
"South Sudan, 2018",71,127,191,16
"South Sudan, 2019",72,132,198,17
"South-East Asia Region (WHO), 2015",14194,38811,157165,3781
"South-East Asia Region (WHO), 2016",14598,39718,156718,3353
"South-East Asia Region (WHO), 2017",15157,39866,158968,3090
"South-East Asia Region (WHO), 2018",15929,40025,167362,3381
"South-East Asia Region (WHO), 2019",16464,40565,170058,3367
"Spain, 2015",992,1273,1584,8
"Spain, 2016",989,1278,1509,7
"Spain, 2017",991,1278,1469,7
"Spain, 2018",1001,1243,1512,8
"Spain, 2019",1016,1226,1510,8
"Sri Lanka, 2015",626,1092,2413,22
"Sri Lanka, 2016",647,1102,2494,22
"Sri Lanka, 2017",663,1112,2532,22
"Sri Lanka, 2018",665,1082,2664,23
"Sri Lanka, 2019",692,1086,2623,23
"Sub-Saharan Africa (WB), 2015",8704,17560,37170,1715
"Sub-Saharan Africa (WB), 2016",8818,17945,37746,1735
"Sub-Saharan Africa (WB), 2017",8991,18319,38670,1748
"Sub-Saharan Africa (WB), 2018",9169,18665,40037,1747
"Sub-Saharan Africa (WB), 2019",9322,19104,41037,1742
"Sudan, 2015",58,194,1609,43
"Sudan, 2016",59,199,1637,43
"Sudan, 2017",61,205,1654,44
"Sudan, 2018",63,214,1684,43
"Sudan, 2019",66,224,1698,42
"Suriname, 2015",14,37,90,1
"Suriname, 2016",15,38,92,1
"Suriname, 2017",15,40,91,1
"Suriname, 2018",16,40,89,1
"Suriname, 2019",15,40,88,1
"Sweden, 2015",266,495,652,4
"Sweden, 2016",273,479,639,4
"Sweden, 2017",283,473,629,3
"Sweden, 2018",289,469,614,4
"Sweden, 2019",296,467,602,4
"Switzerland, 2015",293,437,434,3
"Switzerland, 2016",293,440,427,3
"Switzerland, 2017",302,445,424,3
"Switzerland, 2018",307,438,431,3
"Switzerland, 2019",308,430,430,3
"Syria, 2015",20,72,215,4
"Syria, 2016",20,75,206,4
"Syria, 2017",21,77,201,4
"Syria, 2018",22,81,202,4
"Syria, 2019",23,85,208,3
"Taiwan, 2015",757,1377,1945,5
"Taiwan, 2016",782,1449,1955,4
"Taiwan, 2017",800,1479,1948,4
"Taiwan, 2018",819,1500,1959,4
"Taiwan, 2019",854,1512,1929,4
"Tajikistan, 2015",18,71,320,8
"Tajikistan, 2016",18,76,340,9
"Tajikistan, 2017",17,79,341,9
"Tajikistan, 2018",16,81,347,9
"Tajikistan, 2019",16,84,355,9
"Tanzania, 2015",517,797,1423,98
"Tanzania, 2016",528,821,1463,101
"Tanzania, 2017",545,851,1515,104
"Tanzania, 2018",559,886,1576,105
"Tanzania, 2019",566,926,1635,105
"Thailand, 2015",636,1708,4438,24
"Thailand, 2016",667,1790,4545,24
"Thailand, 2017",692,1811,4565,22
"Thailand, 2018",720,1817,4591,21
"Thailand, 2019",738,1826,4522,20
"Timor, 2015",5,10,40,1
"Timor, 2016",5,11,41,1
"Timor, 2017",5,11,42,1
"Timor, 2018",5,11,44,1
"Timor, 2019",5,12,44,1
"Togo, 2015",61,162,300,13
"Togo, 2016",63,170,311,13
"Togo, 2017",64,177,320,13
"Togo, 2018",64,183,323,13
"Togo, 2019",67,186,325,13
"Tokelau, 2015",0,0,0,0
"Tokelau, 2016",0,0,0,0
"Tokelau, 2017",0,0,0,0
"Tokelau, 2018",0,0,0,0
"Tokelau, 2019",0,0,0,0
"Tonga, 2015",0,1,3,0
"Tonga, 2016",0,1,3,0
"Tonga, 2017",0,1,3,0
"Tonga, 2018",0,1,3,0
"Tonga, 2019",1,1,3,0
"Trinidad and Tobago, 2015",11,37,105,1
"Trinidad and Tobago, 2016",11,37,105,1
"Trinidad and Tobago, 2017",12,38,105,1
"Trinidad and Tobago, 2018",12,38,104,1
"Trinidad and Tobago, 2019",13,38,103,1
"Tunisia, 2015",41,78,281,4
"Tunisia, 2016",42,80,278,4
"Tunisia, 2017",43,82,276,4
"Tunisia, 2018",44,85,275,3
"Tunisia, 2019",45,88,274,3
"Turkey, 2015",223,540,1609,50
"Turkey, 2016",230,553,1631,47
"Turkey, 2017",238,564,1655,44
"Turkey, 2018",241,573,1670,38
"Turkey, 2019",249,588,1714,34
"Turkmenistan, 2015",15,62,361,5
"Turkmenistan, 2016",15,64,359,5
"Turkmenistan, 2017",15,65,358,5
"Turkmenistan, 2018",16,67,354,5
"Turkmenistan, 2019",16,69,350,6
"Tuvalu, 2015",0,0,1,0
"Tuvalu, 2016",0,0,1,0
"Tuvalu, 2017",0,0,1,0
"Tuvalu, 2018",0,0,1,0
"Tuvalu, 2019",0,0,1,0
"Uganda, 2015",304,509,1053,76
"Uganda, 2016",308,527,1088,80
"Uganda, 2017",313,538,1097,76
"Uganda, 2018",323,563,1141,76
"Uganda, 2019",331,587,1174,74
"Ukraine, 2015",1665,3862,9729,66
"Ukraine, 2016",1575,3700,9604,64
"Ukraine, 2017",1559,3680,9112,60
"Ukraine, 2018",1597,3755,8545,56
"Ukraine, 2019",1608,3697,8330,56
"United Arab Emirates, 2015",2,56,586,1
"United Arab Emirates, 2016",2,62,583,1
"United Arab Emirates, 2017",2,70,576,1
"United Arab Emirates, 2018",3,79,573,1
"United Arab Emirates, 2019",3,89,572,1
"United Kingdom, 2015",625,1684,3222,9
"United Kingdom, 2016",626,1716,3267,9
"United Kingdom, 2017",643,1716,3265,10
"United Kingdom, 2018",678,1715,3229,10
"United Kingdom, 2019",697,1712,3199,10
"United States, 2015",5586,15946,24316,361
"United States, 2016",5797,16281,25104,369
"United States, 2017",5962,15946,24476,356
"United States, 2018",6342,15960,23356,354
"United States, 2019",6557,15841,22603,348
"United States Virgin Islands, 2015",2,4,3,0
"United States Virgin Islands, 2016",2,4,3,0
"United States Virgin Islands, 2017",2,4,3,0
"United States Virgin Islands, 2018",2,4,3,0
"United States Virgin Islands, 2019",2,4,3,0
"Uruguay, 2015",132,195,359,3
"Uruguay, 2016",135,199,358,3
"Uruguay, 2017",135,198,353,3
"Uruguay, 2018",134,196,347,3
"Uruguay, 2019",133,195,335,3
"Uzbekistan, 2015",76,542,2970,155
"Uzbekistan, 2016",74,564,3080,151
"Uzbekistan, 2017",72,577,3032,142
"Uzbekistan, 2018",69,592,3002,137
"Uzbekistan, 2019",67,603,2993,130
"Vanuatu, 2015",2,5,40,1
"Vanuatu, 2016",2,6,41,1
"Vanuatu, 2017",2,6,42,1
"Vanuatu, 2018",2,6,42,1
"Vanuatu, 2019",2,6,42,1
"Venezuela, 2015",143,409,1858,26
"Venezuela, 2016",152,438,1740,26
"Venezuela, 2017",163,463,1630,25
"Venezuela, 2018",176,486,1605,25
"Venezuela, 2019",199,532,1554,24
"Vietnam, 2015",915,2168,4629,33
"Vietnam, 2016",928,2273,4645,33
"Vietnam, 2017",940,2373,4651,33
"Vietnam, 2018",957,2468,4614,33
"Vietnam, 2019",976,2557,4549,32
"Wales, 2015",37,92,175,0
"Wales, 2016",36,93,179,0
"Wales, 2017",37,94,181,0
"Wales, 2018",39,94,177,0
"Wales, 2019",41,93,175,0
"Western Pacific Region (WHO), 2015",47058,60182,76287,981
"Western Pacific Region (WHO), 2016",47621,60820,74922,936
"Western Pacific Region (WHO), 2017",48519,60894,73952,885
"Western Pacific Region (WHO), 2018",49696,61165,73260,844
"Western Pacific Region (WHO), 2019",51091,61058,71956,814
"World, 2015",104650,194183,435066,9063
"World, 2016",105828,196252,432586,8589
"World, 2017",107851,195643,432224,8231
"World, 2018",110863,196082,440085,8427
"World, 2019",113730,196527,440445,8327
"World Bank High Income, 2015",31506,57726,79886,667
"World Bank High Income, 2016",31624,57461,79135,663
"World Bank High Income, 2017",32231,56661,77530,642
"World Bank High Income, 2018",33327,56354,76321,641
"World Bank High Income, 2019",34284,55967,75062,634
"World Bank Low Income, 2015",5693,11838,23962,1221
"World Bank Low Income, 2016",5801,12139,24604,1235
"World Bank Low Income, 2017",5930,12446,25195,1238
"World Bank Low Income, 2018",6067,12843,25845,1240
"World Bank Low Income, 2019",6170,13247,26373,1237
"World Bank Lower Middle Income, 2015",20393,53596,206384,5362
"World Bank Lower Middle Income, 2016",20712,54618,206643,4945
"World Bank Lower Middle Income, 2017",21307,54997,209082,4679
"World Bank Lower Middle Income, 2018",22207,55576,217504,4943
"World Bank Lower Middle Income, 2019",22856,56423,220701,4910
"World Bank Upper Middle Income, 2015",47011,70939,124644,1809
"World Bank Upper Middle Income, 2016",47645,71949,122013,1742
"World Bank Upper Middle Income, 2017",48334,71451,120226,1669
"World Bank Upper Middle Income, 2018",49213,71220,120223,1600
"World Bank Upper Middle Income, 2019",50371,70801,118118,1542
"Yemen, 2015",39,155,1078,30
"Yemen, 2016",40,162,1128,31
"Yemen, 2017",42,171,1184,32
"Yemen, 2018",44,181,1259,33
"Yemen, 2019",46,190,1291,33
"Zambia, 2015",149,319,743,39
"Zambia, 2016",151,328,775,38
"Zambia, 2017",156,343,804,39
"Zambia, 2018",160,353,826,36
"Zambia, 2019",160,361,841,35
"Zimbabwe, 2015",226,539,1460,10
"Zimbabwe, 2016",229,547,1510,10
"Zimbabwe, 2017",230,554,1543,11
"Zimbabwe, 2018",229,559,1573,11
"Zimbabwe, 2019",222,563,1606,11
