female % of total population,Country
48.60704803,"Afghanistan, 2015"
48.5996666,"Afghanistan, 2016"
48.61161423,"Afghanistan, 2017"
48.63584518,"Afghanistan, 2018"
48.66239548,"Afghanistan, 2019"
48.68452072,"Afghanistan, 2020"
49.09379578,"Albania, 2015"
49.05299759,"Albania, 2016"
49.04639816,"Albania, 2017"
49.06309509,"Albania, 2018"
49.08610535,"Albania, 2019"
49.10299683,"Albania, 2020"
49.49687576,"Algeria, 2015"
49.49150467,"Algeria, 2016"
49.48738098,"Algeria, 2017"
49.48426819,"Algeria, 2018"
49.48171234,"Algeria, 2019"
49.47940445,"Algeria, 2020"
50.54132843,"Angola, 2015"
50.53700638,"Angola, 2016"
50.53347778,"Angola, 2017"
50.53046417,"Angola, 2018"
50.52747345,"Angola, 2019"
50.52413559,"Angola, 2020"
51.87825394,"Antigua and Barbuda, 2015"
51.84299469,"Antigua and Barbuda, 2016"
51.80927277,"Antigua and Barbuda, 2017"
51.78849792,"Antigua and Barbuda, 2018"
51.75719452,"Antigua and Barbuda, 2019"
51.73086166,"Antigua and Barbuda, 2020"
51.27348328,"Argentina, 2015"
51.26097488,"Argentina, 2016"
51.24898911,"Argentina, 2017"
51.23734665,"Argentina, 2018"
51.22580338,"Argentina, 2019"
51.21414566,"Argentina, 2020"
52.98905182,"Armenia, 2015"
52.96509171,"Armenia, 2016"
52.95547485,"Armenia, 2017"
52.9565773,"Armenia, 2018"
52.96156311,"Armenia, 2019"
52.96533966,"Armenia, 2020"
52.46552277,"Aruba, 2015"
52.490345,"Aruba, 2016"
52.51279068,"Aruba, 2017"
52.53103638,"Aruba, 2018"
52.55102921,"Aruba, 2019"
52.56729507,"Aruba, 2020"
50.17087555,"Australia, 2015"
50.1894722,"Australia, 2016"
50.1979599,"Australia, 2017"
50.19962311,"Australia, 2018"
50.19953537,"Australia, 2019"
50.20123672,"Australia, 2020"
51.04483032,"Austria, 2015"
50.97809601,"Austria, 2016"
50.90430832,"Austria, 2017"
50.82942581,"Austria, 2018"
50.76128769,"Austria, 2019"
50.70515442,"Austria, 2020"
50.23753738,"Azerbaijan, 2015"
50.19607162,"Azerbaijan, 2016"
50.15507889,"Azerbaijan, 2017"
50.11574936,"Azerbaijan, 2018"
50.07987213,"Azerbaijan, 2019"
50.04855728,"Azerbaijan, 2020"
51.46766281,"Bahamas, 2015"
51.45122147,"Bahamas, 2016"
51.43824768,"Bahamas, 2017"
51.42505264,"Bahamas, 2018"
51.41545486,"Bahamas, 2019"
51.40649033,"Bahamas, 2020"
38.27647781,"Bahrain, 2015"
37.79335403,"Bahrain, 2016"
37.094944,"Bahrain, 2017"
36.34825134,"Bahrain, 2018"
35.72872543,"Bahrain, 2019"
35.32645798,"Bahrain, 2020"
49.30305862,"Bangladesh, 2015"
49.32880402,"Bangladesh, 2016"
49.35726166,"Bangladesh, 2017"
49.38729477,"Bangladesh, 2018"
49.41691208,"Bangladesh, 2019"
49.44476318,"Bangladesh, 2020"
51.79285431,"Barbados, 2015"
51.74843597,"Barbados, 2016"
51.70894623,"Barbados, 2017"
51.67282867,"Barbados, 2018"
51.63663864,"Barbados, 2019"
51.60124207,"Barbados, 2020"
53.46738434,"Belarus, 2015"
53.46054077,"Belarus, 2016"
53.45758057,"Belarus, 2017"
53.45605469,"Belarus, 2018"
53.45193863,"Belarus, 2019"
53.44250488,"Belarus, 2020"
50.84454346,"Belgium, 2015"
50.77866364,"Belgium, 2016"
50.69064713,"Belgium, 2017"
50.59331894,"Belgium, 2018"
50.50422287,"Belgium, 2019"
50.4355011,"Belgium, 2020"
50.09087753,"Belize, 2015"
50.12147141,"Belize, 2016"
50.15740967,"Belize, 2017"
50.19252396,"Belize, 2018"
50.22915268,"Belize, 2019"
50.26394653,"Belize, 2020"
50.16876984,"Benin, 2015"
50.14226532,"Benin, 2016"
50.1190033,"Benin, 2017"
50.09820175,"Benin, 2018"
50.07897186,"Benin, 2019"
50.06063461,"Benin, 2020"
47.24193954,"Bhutan, 2015"
47.16888428,"Bhutan, 2016"
47.08710098,"Bhutan, 2017"
47.00263596,"Bhutan, 2018"
46.92239761,"Bhutan, 2019"
46.85321045,"Bhutan, 2020"
49.73708725,"Bolivia, 2015"
49.75157166,"Bolivia, 2016"
49.76716995,"Bolivia, 2017"
49.78339767,"Bolivia, 2018"
49.79970551,"Bolivia, 2019"
49.81577682,"Bolivia, 2020"
50.97213364,"Bosnia and Herzegovina, 2015"
50.98658752,"Bosnia and Herzegovina, 2016"
50.99939346,"Bosnia and Herzegovina, 2017"
51.01053619,"Bosnia and Herzegovina, 2018"
51.02090454,"Bosnia and Herzegovina, 2019"
51.0301857,"Bosnia and Herzegovina, 2020"
51.8456955,"Botswana, 2015"
51.86342239,"Botswana, 2016"
51.81712723,"Botswana, 2017"
51.73075867,"Botswana, 2018"
51.63803482,"Botswana, 2019"
51.56119537,"Botswana, 2020"
50.77192307,"Brazil, 2015"
50.79128265,"Brazil, 2016"
50.81066132,"Brazil, 2017"
50.82991791,"Brazil, 2018"
50.84889984,"Brazil, 2019"
50.86748505,"Brazil, 2020"
47.98247528,"Brunei, 2015"
47.97982788,"Brunei, 2016"
48.00049973,"Brunei, 2017"
48.0361824,"Brunei, 2018"
48.07660294,"Brunei, 2019"
48.115242,"Brunei, 2020"
51.36443329,"Bulgaria, 2015"
51.38096619,"Bulgaria, 2016"
51.39786911,"Bulgaria, 2017"
51.4140892,"Bulgaria, 2018"
51.42861176,"Bulgaria, 2019"
51.44063187,"Bulgaria, 2020"
50.20173645,"Burkina Faso, 2015"
50.16442871,"Burkina Faso, 2016"
50.12905502,"Burkina Faso, 2017"
50.09548187,"Burkina Faso, 2018"
50.0635643,"Burkina Faso, 2019"
50.03313446,"Burkina Faso, 2020"
50.48505783,"Burundi, 2015"
50.46475983,"Burundi, 2016"
50.44342041,"Burundi, 2017"
50.42199326,"Burundi, 2018"
50.40154648,"Burundi, 2019"
50.38287354,"Burundi, 2020"
51.22589493,"Cambodia, 2015"
51.21686172,"Cambodia, 2016"
51.20754242,"Cambodia, 2017"
51.19798279,"Cambodia, 2018"
51.18828583,"Cambodia, 2019"
51.17866898,"Cambodia, 2020"
50.03565979,"Cameroon, 2015"
50.0253334,"Cameroon, 2016"
50.01440048,"Cameroon, 2017"
50.00348663,"Cameroon, 2018"
49.99329758,"Cameroon, 2019"
49.98439407,"Cameroon, 2020"
50.41412735,"Canada, 2015"
50.41056442,"Canada, 2016"
50.40256119,"Canada, 2017"
50.39152908,"Canada, 2018"
50.3795166,"Canada, 2019"
50.36802292,"Canada, 2020"
49.86660004,"Cape Verde, 2015"
49.85333252,"Cape Verde, 2016"
49.83692932,"Cape Verde, 2017"
49.81903839,"Cape Verde, 2018"
49.80579376,"Cape Verde, 2019"
49.79801559,"Cape Verde, 2020"
50.44557571,"Central African Republic, 2015"
50.44087601,"Central African Republic, 2016"
50.43810654,"Central African Republic, 2017"
50.43647385,"Central African Republic, 2018"
50.43447113,"Central African Republic, 2019"
50.43149185,"Central African Republic, 2020"
50.09745407,"Chad, 2015"
50.09335327,"Chad, 2016"
50.08908463,"Chad, 2017"
50.0848999,"Chad, 2018"
50.08101273,"Chad, 2019"
50.07767868,"Chad, 2020"
50.59103775,"Channel Islands, 2015"
50.56732941,"Channel Islands, 2016"
50.54723358,"Channel Islands, 2017"
50.5290451,"Channel Islands, 2018"
50.5096817,"Channel Islands, 2019"
50.49436569,"Channel Islands, 2020"
50.77842712,"Chile, 2015"
50.76488113,"Chile, 2016"
50.74695206,"Chile, 2017"
50.72703171,"Chile, 2018"
50.70833206,"Chile, 2019"
50.69279099,"Chile, 2020"
48.64348602,"China, 2015"
48.6543808,"China, 2016"
48.6663475,"China, 2017"
48.67937469,"China, 2018"
48.6934967,"China, 2019"
48.70873642,"China, 2020"
50.99230957,"Colombia, 2015"
50.97430038,"Colombia, 2016"
50.95040512,"Colombia, 2017"
50.92576981,"Colombia, 2018"
50.9068985,"Colombia, 2019"
50.89789963,"Colombia, 2020"
49.56632996,"Comoros, 2015"
49.56315994,"Comoros, 2016"
49.56050491,"Comoros, 2017"
49.55870438,"Comoros, 2018"
49.55758286,"Comoros, 2019"
49.556633,"Comoros, 2020"
50.11275482,"Congo, 2015"
50.09441757,"Congo, 2016"
50.07894135,"Congo, 2017"
50.06560516,"Congo, 2018"
50.05378723,"Congo, 2019"
50.04291153,"Congo, 2020"
49.96642685,"Costa Rica, 2015"
49.98018265,"Costa Rica, 2016"
49.99479675,"Costa Rica, 2017"
50.00984955,"Costa Rica, 2018"
50.02459717,"Costa Rica, 2019"
50.03888702,"Costa Rica, 2020"
49.42200851,"Cote d'Ivoire, 2015"
49.45565796,"Cote d'Ivoire, 2016"
49.48796082,"Cote d'Ivoire, 2017"
49.51911926,"Cote d'Ivoire, 2018"
49.54920578,"Cote d'Ivoire, 2019"
49.5782814,"Cote d'Ivoire, 2020"
51.9143486,"Croatia, 2015"
51.90489197,"Croatia, 2016"
51.88308334,"Croatia, 2017"
51.85262299,"Croatia, 2018"
51.81910706,"Croatia, 2019"
51.78653336,"Croatia, 2020"
50.30586624,"Cuba, 2015"
50.31428146,"Cuba, 2016"
50.3234024,"Cuba, 2017"
50.33285141,"Cuba, 2018"
50.34247208,"Cuba, 2019"
50.35173798,"Cuba, 2020"
54.18767548,"Curacao, 2015"
54.16348267,"Curacao, 2016"
54.13245773,"Curacao, 2017"
54.09547043,"Curacao, 2018"
54.05542755,"Curacao, 2019"
54.01036072,"Curacao, 2020"
49.92235184,"Cyprus, 2015"
49.92005539,"Cyprus, 2016"
49.93994141,"Cyprus, 2017"
49.97107315,"Cyprus, 2018"
49.99916458,"Cyprus, 2019"
50.01379013,"Cyprus, 2020"
50.86512375,"Czechia, 2015"
50.85126877,"Czechia, 2016"
50.83169556,"Czechia, 2017"
50.80858994,"Czechia, 2018"
50.7856369,"Czechia, 2019"
50.76542282,"Czechia, 2020"
50.13418198,"Democratic Republic of Congo, 2015"
50.12085724,"Democratic Republic of Congo, 2016"
50.10873413,"Democratic Republic of Congo, 2017"
50.09774399,"Democratic Republic of Congo, 2018"
50.08777618,"Democratic Republic of Congo, 2019"
50.07875061,"Democratic Republic of Congo, 2020"
50.27316284,"Denmark, 2015"
50.26739883,"Denmark, 2016"
50.26843643,"Denmark, 2017"
50.27420425,"Denmark, 2018"
50.2818222,"Denmark, 2019"
50.28901672,"Denmark, 2020"
47.14244461,"Djibouti, 2015"
47.2427063,"Djibouti, 2016"
47.31521988,"Djibouti, 2017"
47.36678696,"Djibouti, 2018"
47.41479111,"Djibouti, 2019"
47.47045135,"Djibouti, 2020"
49.93649292,"Dominican Republic, 2015"
49.96084595,"Dominican Republic, 2016"
49.98460388,"Dominican Republic, 2017"
50.00779724,"Dominican Republic, 2018"
50.0305481,"Dominican Republic, 2019"
50.05296707,"Dominican Republic, 2020"
49.27700424,"East Asia and Pacific, 2015"
49.28710556,"East Asia and Pacific, 2016"
49.29741287,"East Asia and Pacific, 2017"
49.30863571,"East Asia and Pacific, 2018"
49.32097244,"East Asia and Pacific, 2019"
49.33444977,"East Asia and Pacific, 2020"
49.94480515,"Ecuador, 2015"
49.95345306,"Ecuador, 2016"
49.96210861,"Ecuador, 2017"
49.97062683,"Ecuador, 2018"
49.97894287,"Ecuador, 2019"
49.98698044,"Ecuador, 2020"
49.4630127,"Egypt, 2015"
49.4640007,"Egypt, 2016"
49.46654129,"Egypt, 2017"
49.4699707,"Egypt, 2018"
49.47348404,"Egypt, 2019"
49.47655869,"Egypt, 2020"
52.97751617,"El Salvador, 2015"
53.0266571,"El Salvador, 2016"
53.07213974,"El Salvador, 2017"
53.11400223,"El Salvador, 2018"
53.15209579,"El Salvador, 2019"
53.18640137,"El Salvador, 2020"
44.72019196,"Equatorial Guinea, 2015"
44.61154175,"Equatorial Guinea, 2016"
44.52380753,"Equatorial Guinea, 2017"
44.45585251,"Equatorial Guinea, 2018"
44.40759659,"Equatorial Guinea, 2019"
44.37716675,"Equatorial Guinea, 2020"
53.22656631,"Estonia, 2015"
53.12246704,"Estonia, 2016"
52.99551392,"Estonia, 2017"
52.85842514,"Estonia, 2018"
52.73062515,"Estonia, 2019"
52.62438583,"Estonia, 2020"
51.79241943,"Eswatini, 2015"
51.56194687,"Eswatini, 2016"
51.34476471,"Eswatini, 2017"
51.1489296,"Eswatini, 2018"
50.98215866,"Eswatini, 2019"
50.84867477,"Eswatini, 2020"
50.00905991,"Ethiopia, 2015"
49.99601746,"Ethiopia, 2016"
49.98612595,"Ethiopia, 2017"
49.97888947,"Ethiopia, 2018"
49.97354889,"Ethiopia, 2019"
49.96951675,"Ethiopia, 2020"
51.60160446,"Europe and Central Asia, 2015"
51.58091736,"Europe and Central Asia, 2016"
51.5585022,"Europe and Central Asia, 2017"
51.53535461,"Europe and Central Asia, 2018"
51.51342392,"Europe and Central Asia, 2019"
51.49367523,"Europe and Central Asia, 2020"
51.20993423,"European Union, 2015"
51.19134521,"European Union, 2016"
51.16989136,"European Union, 2017"
51.1470871,"European Union, 2018"
51.12469864,"European Union, 2019"
51.10490799,"European Union, 2020"
49.18768692,"Fiji, 2015"
49.23086166,"Fiji, 2016"
49.26834106,"Fiji, 2017"
49.30050278,"Fiji, 2018"
49.32788849,"Fiji, 2019"
49.35344696,"Fiji, 2020"
50.78358078,"Finland, 2015"
50.76055145,"Finland, 2016"
50.7397995,"Finland, 2017"
50.72076035,"Finland, 2018"
50.70261002,"Finland, 2019"
50.6849823,"Finland, 2020"
51.5450592,"France, 2015"
51.55434418,"France, 2016"
51.56844711,"France, 2017"
51.58423996,"France, 2018"
51.59738159,"France, 2019"
51.60487747,"France, 2020"
49.22835922,"French Polynesia, 2015"
49.27670288,"French Polynesia, 2016"
49.30679321,"French Polynesia, 2017"
49.32456589,"French Polynesia, 2018"
49.33777237,"French Polynesia, 2019"
49.35600662,"French Polynesia, 2020"
49.07654572,"Gabon, 2015"
49.06030273,"Gabon, 2016"
49.05904388,"Gabon, 2017"
49.06861877,"Gabon, 2018"
49.08390045,"Gabon, 2019"
49.10186768,"Gabon, 2020"
50.39456177,"Gambia, 2015"
50.39732361,"Gambia, 2016"
50.39992905,"Gambia, 2017"
50.40213394,"Gambia, 2018"
50.40396881,"Gambia, 2019"
50.4051857,"Gambia, 2020"
52.24497986,"Georgia, 2015"
52.24899673,"Georgia, 2016"
52.26604462,"Georgia, 2017"
52.29123688,"Georgia, 2018"
52.31782532,"Georgia, 2019"
52.34034729,"Georgia, 2020"
50.81813431,"Germany, 2015"
50.76964951,"Germany, 2016"
50.71557236,"Germany, 2017"
50.66036606,"Germany, 2018"
50.60994339,"Germany, 2019"
50.56820297,"Germany, 2020"
49.35282135,"Ghana, 2015"
49.34254074,"Ghana, 2016"
49.33359528,"Ghana, 2017"
49.32582855,"Ghana, 2018"
49.3189621,"Ghana, 2019"
49.31282043,"Ghana, 2020"
50.91008377,"Greece, 2015"
50.91020203,"Greece, 2016"
50.91258621,"Greece, 2017"
50.91620255,"Greece, 2018"
50.91857147,"Greece, 2019"
50.91817474,"Greece, 2020"
49.55521393,"Grenada, 2015"
49.57691956,"Grenada, 2016"
49.59052658,"Grenada, 2017"
49.60744476,"Grenada, 2018"
49.62054062,"Grenada, 2019"
49.6387291,"Grenada, 2020"
49.38739777,"Guam, 2015"
49.42558289,"Guam, 2016"
49.45915985,"Guam, 2017"
49.49448013,"Guam, 2018"
49.52807999,"Guam, 2019"
49.55653,"Guam, 2020"
50.80734253,"Guatemala, 2015"
50.79152679,"Guatemala, 2016"
50.77538681,"Guatemala, 2017"
50.75934982,"Guatemala, 2018"
50.74389648,"Guatemala, 2019"
50.72938919,"Guatemala, 2020"
52.10879898,"Guinea, 2015"
52.0225029,"Guinea, 2016"
51.92460632,"Guinea, 2017"
51.82110977,"Guinea, 2018"
51.71908188,"Guinea, 2019"
51.62312698,"Guinea, 2020"
51.30724335,"Guinea-Bissau, 2015"
51.26147842,"Guinea-Bissau, 2016"
51.21478271,"Guinea-Bissau, 2017"
51.16880798,"Guinea-Bissau, 2018"
51.12422943,"Guinea-Bissau, 2019"
51.08251953,"Guinea-Bissau, 2020"
49.99993515,"Guyana, 2015"
49.92474365,"Guyana, 2016"
49.86210251,"Guyana, 2017"
49.80802536,"Guyana, 2018"
49.75938034,"Guyana, 2019"
49.71146393,"Guyana, 2020"
50.63764954,"Haiti, 2015"
50.63991928,"Haiti, 2016"
50.64557648,"Haiti, 2017"
50.65221024,"Haiti, 2018"
50.65651321,"Haiti, 2019"
50.65618134,"Haiti, 2020"
50.290905,"High income, 2015"
50.26686478,"High income, 2016"
50.23998642,"High income, 2017"
50.21266174,"High income, 2018"
50.18830872,"High income, 2019"
50.17033768,"High income, 2020"
50.07424545,"Honduras, 2015"
50.06579971,"Honduras, 2016"
50.05743027,"Honduras, 2017"
50.04933929,"Honduras, 2018"
50.04169464,"Honduras, 2019"
50.03456879,"Honduras, 2020"
53.61297226,"Hong Kong, 2015"
53.72390366,"Hong Kong, 2016"
53.83050156,"Hong Kong, 2017"
53.93244171,"Hong Kong, 2018"
54.02884674,"Hong Kong, 2019"
54.11936188,"Hong Kong, 2020"
52.47748184,"Hungary, 2015"
52.46191788,"Hungary, 2016"
52.44706345,"Hungary, 2017"
52.43242645,"Hungary, 2018"
52.41711807,"Hungary, 2019"
52.40039825,"Hungary, 2020"
49.82845688,"Iceland, 2015"
49.83760071,"Iceland, 2016"
49.83148575,"Iceland, 2017"
49.81171036,"Iceland, 2018"
49.79014206,"Iceland, 2019"
49.77142715,"Iceland, 2020"
48.00426865,"India, 2015"
48.01089478,"India, 2016"
48.01728439,"India, 2017"
48.0235405,"India, 2018"
48.02983475,"India, 2019"
48.03632736,"India, 2020"
49.63573074,"Indonesia, 2015"
49.63959122,"Indonesia, 2016"
49.64205551,"Indonesia, 2017"
49.64388275,"Indonesia, 2018"
49.64638138,"Indonesia, 2019"
49.65046692,"Indonesia, 2020"
49.38332748,"Iran, 2015"
49.38095474,"Iran, 2016"
49.40248108,"Iran, 2017"
49.43912888,"Iran, 2018"
49.47784042,"Iran, 2019"
49.50956726,"Iran, 2020"
49.44449234,"Iraq, 2015"
49.43281937,"Iraq, 2016"
49.42070389,"Iraq, 2017"
49.40867996,"Iraq, 2018"
49.39730072,"Iraq, 2019"
49.38709259,"Iraq, 2020"
50.50868225,"Ireland, 2015"
50.49769974,"Ireland, 2016"
50.4669075,"Ireland, 2017"
50.42551041,"Ireland, 2018"
50.38568497,"Ireland, 2019"
50.35540009,"Ireland, 2020"
50.41253281,"Israel, 2015"
50.37257385,"Israel, 2016"
50.33458328,"Israel, 2017"
50.29812622,"Israel, 2018"
50.26245499,"Israel, 2019"
50.22706223,"Israel, 2020"
51.47762299,"Italy, 2015"
51.44285202,"Italy, 2016"
51.40925598,"Italy, 2017"
51.37667084,"Italy, 2018"
51.34436035,"Italy, 2019"
51.31188202,"Italy, 2020"
50.30480576,"Jamaica, 2015"
50.31669617,"Jamaica, 2016"
50.32809067,"Jamaica, 2017"
50.33982849,"Jamaica, 2018"
50.35337448,"Jamaica, 2019"
50.36943436,"Jamaica, 2020"
51.13749313,"Japan, 2015"
51.14509964,"Japan, 2016"
51.15224457,"Japan, 2017"
51.1592598,"Japan, 2018"
51.16651154,"Japan, 2019"
51.17427826,"Japan, 2020"
49.35117722,"Jordan, 2015"
49.37630081,"Jordan, 2016"
49.38838196,"Jordan, 2017"
49.38968277,"Jordan, 2018"
49.38261414,"Jordan, 2019"
49.36873245,"Jordan, 2020"
51.58272552,"Kazakhstan, 2015"
51.56124496,"Kazakhstan, 2016"
51.53688812,"Kazakhstan, 2017"
51.51148224,"Kazakhstan, 2018"
51.4875412,"Kazakhstan, 2019"
51.46678925,"Kazakhstan, 2020"
50.32699585,"Kenya, 2015"
50.32315826,"Kenya, 2016"
50.31945038,"Kenya, 2017"
50.31602097,"Kenya, 2018"
50.31308746,"Kenya, 2019"
50.31080246,"Kenya, 2020"
50.87670135,"Kiribati, 2015"
50.87666321,"Kiribati, 2016"
50.86681747,"Kiribati, 2017"
50.84856796,"Kiribati, 2018"
50.8349762,"Kiribati, 2019"
50.81961823,"Kiribati, 2020"
41.18270874,"Kuwait, 2015"
40.69388962,"Kuwait, 2016"
40.12194443,"Kuwait, 2017"
39.548172,"Kuwait, 2018"
39.07753372,"Kuwait, 2019"
38.77982712,"Kuwait, 2020"
50.52140045,"Kyrgyzstan, 2015"
50.51769638,"Kyrgyzstan, 2016"
50.51962662,"Kyrgyzstan, 2017"
50.5248642,"Kyrgyzstan, 2018"
50.53030396,"Kyrgyzstan, 2019"
50.53379059,"Kyrgyzstan, 2020"
49.84523392,"Laos, 2015"
49.79920578,"Laos, 2016"
49.78403091,"Laos, 2017"
49.78936386,"Laos, 2018"
49.80054092,"Laos, 2019"
49.80735397,"Laos, 2020"
50.77093124,"Latin America and Caribbean, 2015"
50.78122711,"Latin America and Caribbean, 2016"
50.79103851,"Latin America and Caribbean, 2017"
50.80007172,"Latin America and Caribbean, 2018"
50.80860138,"Latin America and Caribbean, 2019"
50.81638718,"Latin America and Caribbean, 2020"
54.16036224,"Latvia, 2015"
54.1199379,"Latvia, 2016"
54.06784058,"Latvia, 2017"
54.01016617,"Latvia, 2018"
53.95554733,"Latvia, 2019"
53.91077042,"Latvia, 2020"
49.6711998,"Lebanon, 2015"
49.70204544,"Lebanon, 2016"
49.71222305,"Lebanon, 2017"
49.70580673,"Lebanon, 2018"
49.68797684,"Lebanon, 2019"
49.66265869,"Lebanon, 2020"
50.8536377,"Lesotho, 2015"
50.7891655,"Lesotho, 2016"
50.7460556,"Lesotho, 2017"
50.71689606,"Lesotho, 2018"
50.691185,"Lesotho, 2019"
50.66173172,"Lesotho, 2020"
49.83172989,"Liberia, 2015"
49.81056595,"Liberia, 2016"
49.78924942,"Liberia, 2017"
49.76829147,"Liberia, 2018"
49.74826813,"Liberia, 2019"
49.72911453,"Liberia, 2020"
49.38718414,"Libya, 2015"
49.43413162,"Libya, 2016"
49.4645195,"Libya, 2017"
49.48378754,"Libya, 2018"
49.49992371,"Libya, 2019"
49.51837921,"Libya, 2020"
53.94966125,"Lithuania, 2015"
53.90470123,"Lithuania, 2016"
53.84936142,"Lithuania, 2017"
53.79195786,"Lithuania, 2018"
53.74464798,"Lithuania, 2019"
53.71593094,"Lithuania, 2020"
49.44428253,"Low and middle income, 2015"
49.44951248,"Low and middle income, 2016"
49.45427322,"Low and middle income, 2017"
49.45895386,"Low and middle income, 2018"
49.46379852,"Low and middle income, 2019"
49.46890259,"Low and middle income, 2020"
50.20330048,"Low income, 2015"
50.18992233,"Low income, 2016"
50.17865753,"Low income, 2017"
50.16893005,"Low income, 2018"
50.15984726,"Low income, 2019"
50.15082169,"Low income, 2020"
49.09061813,"Lower middle income, 2015"
49.09735489,"Lower middle income, 2016"
49.10309982,"Lower middle income, 2017"
49.10797119,"Lower middle income, 2018"
49.11215591,"Lower middle income, 2019"
49.11595535,"Lower middle income, 2020"
49.81111145,"Luxembourg, 2015"
49.71360397,"Luxembourg, 2016"
49.62156677,"Luxembourg, 2017"
49.53926086,"Luxembourg, 2018"
49.47298431,"Luxembourg, 2019"
49.42505646,"Luxembourg, 2020"
52.02717972,"Macao, 2015"
52.01966476,"Macao, 2016"
52.001194,"Macao, 2017"
51.97828674,"Macao, 2018"
51.95441818,"Macao, 2019"
51.93595886,"Macao, 2020"
50.14545059,"Madagascar, 2015"
50.13776779,"Madagascar, 2016"
50.13064194,"Madagascar, 2017"
50.12396622,"Madagascar, 2018"
50.11763,"Madagascar, 2019"
50.11155319,"Madagascar, 2020"
50.73165894,"Malawi, 2015"
50.72038651,"Malawi, 2016"
50.71045303,"Malawi, 2017"
50.7015152,"Malawi, 2018"
50.69299698,"Malawi, 2019"
50.68447876,"Malawi, 2020"
48.51446915,"Malaysia, 2015"
48.53870773,"Malaysia, 2016"
48.5597496,"Malaysia, 2017"
48.57852173,"Malaysia, 2018"
48.59695816,"Malaysia, 2019"
48.61640549,"Malaysia, 2020"
40.34762573,"Maldives, 2015"
39.23554993,"Maldives, 2016"
38.15990448,"Maldives, 2017"
37.26498032,"Maldives, 2018"
36.70485687,"Maldives, 2019"
36.55849075,"Maldives, 2020"
49.99576187,"Mali, 2015"
49.9799118,"Mali, 2016"
49.96118927,"Mali, 2017"
49.94099808,"Mali, 2018"
49.92102051,"Mali, 2019"
49.90243912,"Mali, 2020"
49.95582962,"Malta, 2015"
49.91068649,"Malta, 2016"
49.88639832,"Malta, 2017"
49.87331009,"Malta, 2018"
49.86500168,"Malta, 2019"
49.85267258,"Malta, 2020"
49.89135742,"Mauritania, 2015"
49.86828613,"Mauritania, 2016"
49.84521103,"Mauritania, 2017"
49.82265472,"Mauritania, 2018"
49.80126953,"Mauritania, 2019"
49.78168106,"Mauritania, 2020"
50.47111511,"Mauritius, 2015"
50.49981308,"Mauritius, 2016"
50.53543091,"Mauritius, 2017"
50.57710648,"Mauritius, 2018"
50.61937332,"Mauritius, 2019"
50.66077423,"Mauritius, 2020"
51.09549713,"Mexico, 2015"
51.09567261,"Mexico, 2016"
51.09327698,"Mexico, 2017"
51.08927917,"Mexico, 2018"
51.08514023,"Mexico, 2019"
51.08187485,"Mexico, 2020"
49.17344666,"Micronesia (country), 2015"
49.16662979,"Micronesia (country), 2016"
49.1588974,"Micronesia (country), 2017"
49.15483093,"Micronesia (country), 2018"
49.15517807,"Micronesia (country), 2019"
49.15711212,"Micronesia (country), 2020"
48.26808548,"Middle East and North Africa, 2015"
48.2467804,"Middle East and North Africa, 2016"
48.22459412,"Middle East and North Africa, 2017"
48.20513535,"Middle East and North Africa, 2018"
48.19307327,"Middle East and North Africa, 2019"
48.1912117,"Middle East and North Africa, 2020"
49.36431885,"Middle income, 2015"
49.37039566,"Middle income, 2016"
49.37574387,"Middle income, 2017"
49.3808136,"Middle income, 2018"
49.38597107,"Middle income, 2019"
49.39138412,"Middle income, 2020"
51.9427948,"Moldova, 2015"
51.96842575,"Moldova, 2016"
52.00001907,"Moldova, 2017"
52.03556442,"Moldova, 2018"
52.07211685,"Moldova, 2019"
52.10781479,"Moldova, 2020"
50.57168198,"Mongolia, 2015"
50.60460663,"Mongolia, 2016"
50.63697433,"Mongolia, 2017"
50.66954422,"Mongolia, 2018"
50.7023201,"Mongolia, 2019"
50.73535156,"Mongolia, 2020"
50.56933594,"Montenegro, 2015"
50.56474686,"Montenegro, 2016"
50.56177521,"Montenegro, 2017"
50.55901337,"Montenegro, 2018"
50.55542374,"Montenegro, 2019"
50.55217361,"Montenegro, 2020"
50.46378708,"Morocco, 2015"
50.43458557,"Morocco, 2016"
50.41604996,"Morocco, 2017"
50.40384674,"Morocco, 2018"
50.39159012,"Morocco, 2019"
50.37493896,"Morocco, 2020"
51.58628082,"Mozambique, 2015"
51.54942703,"Mozambique, 2016"
51.51211929,"Mozambique, 2017"
51.47518921,"Mozambique, 2018"
51.43967056,"Mozambique, 2019"
51.40610123,"Mozambique, 2020"
51.80101013,"Myanmar, 2015"
51.80266571,"Myanmar, 2016"
51.80519104,"Myanmar, 2017"
51.80789566,"Myanmar, 2018"
51.80967331,"Myanmar, 2019"
51.80979919,"Myanmar, 2020"
51.59836197,"Namibia, 2015"
51.58355713,"Namibia, 2016"
51.56847382,"Namibia, 2017"
51.55369186,"Namibia, 2018"
51.53937149,"Namibia, 2019"
51.52602386,"Namibia, 2020"
54.1071701,"Nepal, 2015"
54.43179321,"Nepal, 2016"
54.56482315,"Nepal, 2017"
54.53534317,"Nepal, 2018"
54.39517975,"Nepal, 2019"
54.18703842,"Nepal, 2020"
50.28844833,"Netherlands, 2015"
50.2689209,"Netherlands, 2016"
50.24575806,"Netherlands, 2017"
50.22094345,"Netherlands, 2018"
50.19726563,"Netherlands, 2019"
50.17678452,"Netherlands, 2020"
49.57869339,"New Caledonia, 2015"
49.59699631,"New Caledonia, 2016"
49.62530518,"New Caledonia, 2017"
49.6610527,"New Caledonia, 2018"
49.70027161,"New Caledonia, 2019"
49.73641968,"New Caledonia, 2020"
50.83003998,"New Zealand, 2015"
50.82881165,"New Zealand, 2016"
50.83190536,"New Zealand, 2017"
50.83776855,"New Zealand, 2018"
50.84399796,"New Zealand, 2019"
50.84926605,"New Zealand, 2020"
50.71405029,"Nicaragua, 2015"
50.71153641,"Nicaragua, 2016"
50.71141052,"Nicaragua, 2017"
50.71270752,"Nicaragua, 2018"
50.71449661,"Nicaragua, 2019"
50.71594238,"Nicaragua, 2020"
49.85603333,"Niger, 2015"
49.82583618,"Niger, 2016"
49.79747772,"Niger, 2017"
49.77100372,"Niger, 2018"
49.74646378,"Niger, 2019"
49.72385025,"Niger, 2020"
49.36410904,"Nigeria, 2015"
49.35402298,"Nigeria, 2016"
49.34470749,"Nigeria, 2017"
49.33611298,"Nigeria, 2018"
49.32820129,"Nigeria, 2019"
49.32092285,"Nigeria, 2020"
50.52579117,"North America, 2015"
50.51737595,"North America, 2016"
50.51117325,"North America, 2017"
50.50692749,"North America, 2018"
50.50420761,"North America, 2019"
50.50275803,"North America, 2020"
51.10255814,"North Korea, 2015"
51.09843063,"North Korea, 2016"
51.0957222,"North Korea, 2017"
51.093853,"North Korea, 2018"
51.0921669,"North Korea, 2019"
51.09015274,"North Korea, 2020"
49.96477127,"North Macedonia, 2015"
49.96131134,"North Macedonia, 2016"
49.96220016,"North Macedonia, 2017"
49.966465,"North Macedonia, 2018"
49.97235489,"North Macedonia, 2019"
49.97883224,"North Macedonia, 2020"
49.65470886,"Norway, 2015"
49.60420609,"Norway, 2016"
49.56152725,"Norway, 2017"
49.5246315,"Norway, 2018"
49.49092484,"Norway, 2019"
49.45838928,"Norway, 2020"
34.78501129,"Oman, 2015"
34.37625504,"Oman, 2016"
34.13183212,"Oman, 2017"
34.01408386,"Oman, 2018"
33.98083878,"Oman, 2019"
34.0027504,"Oman, 2020"
48.53218842,"Pakistan, 2015"
48.53571701,"Pakistan, 2016"
48.53743362,"Pakistan, 2017"
48.53807449,"Pakistan, 2018"
48.53858185,"Pakistan, 2019"
48.53963089,"Pakistan, 2020"
49.25802994,"Palestine, 2015"
49.26245499,"Palestine, 2016"
49.26952362,"Palestine, 2017"
49.27764511,"Palestine, 2018"
49.28456116,"Palestine, 2019"
49.28915787,"Palestine, 2020"
49.84661484,"Panama, 2015"
49.86607742,"Panama, 2016"
49.88584518,"Panama, 2017"
49.90538406,"Panama, 2018"
49.92431259,"Panama, 2019"
49.94215393,"Panama, 2020"
49.00708771,"Papua New Guinea, 2015"
48.98959732,"Papua New Guinea, 2016"
48.97491455,"Papua New Guinea, 2017"
48.96272659,"Papua New Guinea, 2018"
48.95225143,"Papua New Guinea, 2019"
48.94313049,"Papua New Guinea, 2020"
49.11391449,"Paraguay, 2015"
49.12268829,"Paraguay, 2016"
49.13568497,"Paraguay, 2017"
49.15161133,"Paraguay, 2018"
49.16860962,"Paraguay, 2019"
49.18549347,"Paraguay, 2020"
50.33476257,"Peru, 2015"
50.34714127,"Peru, 2016"
50.34630966,"Peru, 2017"
50.33775711,"Peru, 2018"
50.32909393,"Peru, 2019"
50.32548141,"Peru, 2020"
49.67471695,"Philippines, 2015"
49.69957352,"Philippines, 2016"
49.72156525,"Philippines, 2017"
49.74165726,"Philippines, 2018"
49.76158905,"Philippines, 2019"
49.78255081,"Philippines, 2020"
51.5308342,"Poland, 2015"
51.52244186,"Poland, 2016"
51.52338028,"Poland, 2017"
51.53070831,"Poland, 2018"
51.53966904,"Poland, 2019"
51.54682159,"Poland, 2020"
52.64463425,"Portugal, 2015"
52.68986511,"Portugal, 2016"
52.71043015,"Portugal, 2017"
52.71195984,"Portugal, 2018"
52.70301437,"Portugal, 2019"
52.6902771,"Portugal, 2020"
52.16361618,"Puerto Rico, 2015"
52.24437332,"Puerto Rico, 2016"
52.34303284,"Puerto Rico, 2017"
52.45009232,"Puerto Rico, 2018"
52.5477562,"Puerto Rico, 2019"
52.61818314,"Puerto Rico, 2020"
23.98944092,"Qatar, 2015"
24.16606712,"Qatar, 2016"
24.33256531,"Qatar, 2017"
24.49528694,"Qatar, 2018"
24.66569519,"Qatar, 2019"
24.84936142,"Qatar, 2020"
51.31857681,"Romania, 2015"
51.31468964,"Romania, 2016"
51.32475662,"Romania, 2017"
51.34374237,"Romania, 2018"
51.36327362,"Romania, 2019"
51.37713623,"Romania, 2020"
53.67015457,"Russia, 2015"
53.66964722,"Russia, 2016"
53.66659546,"Russia, 2017"
53.66176224,"Russia, 2018"
53.65606689,"Russia, 2019"
53.65022278,"Russia, 2020"
50.89616013,"Rwanda, 2015"
50.88298798,"Rwanda, 2016"
50.87152481,"Rwanda, 2017"
50.8610611,"Rwanda, 2018"
50.85042953,"Rwanda, 2019"
50.83903503,"Rwanda, 2020"
50.75614929,"Saint Lucia, 2015"
50.75488281,"Saint Lucia, 2016"
50.7518425,"Saint Lucia, 2017"
50.75045395,"Saint Lucia, 2018"
50.75302887,"Saint Lucia, 2019"
50.75832367,"Saint Lucia, 2020"
49.07133484,"Saint Vincent and the Grenadines, 2015"
49.10886383,"Saint Vincent and the Grenadines, 2016"
49.15502548,"Saint Vincent and the Grenadines, 2017"
49.2087822,"Saint Vincent and the Grenadines, 2018"
49.27617645,"Saint Vincent and the Grenadines, 2019"
49.32896042,"Saint Vincent and the Grenadines, 2020"
48.30396271,"Samoa, 2015"
48.28518677,"Samoa, 2016"
48.2688179,"Samoa, 2017"
48.25624084,"Samoa, 2018"
48.24575043,"Samoa, 2019"
48.23698425,"Samoa, 2020"
49.97367477,"Sao Tome and Principe, 2015"
49.97269058,"Sao Tome and Principe, 2016"
49.96764755,"Sao Tome and Principe, 2017"
49.96351242,"Sao Tome and Principe, 2018"
49.95954514,"Sao Tome and Principe, 2019"
49.95688248,"Sao Tome and Principe, 2020"
43.12025452,"Saudi Arabia, 2015"
42.91194534,"Saudi Arabia, 2016"
42.67540359,"Saudi Arabia, 2017"
42.44584656,"Saudi Arabia, 2018"
42.26909637,"Saudi Arabia, 2019"
42.17445755,"Saudi Arabia, 2020"
51.37008286,"Senegal, 2015"
51.34820938,"Senegal, 2016"
51.31586456,"Senegal, 2017"
51.27732849,"Senegal, 2018"
51.23799515,"Senegal, 2019"
51.20151138,"Senegal, 2020"
50.98365021,"Serbia, 2015"
50.98826218,"Serbia, 2016"
50.9946785,"Serbia, 2017"
51.00252151,"Serbia, 2018"
51.01080322,"Serbia, 2019"
51.01900101,"Serbia, 2020"
48.54023361,"Seychelles, 2015"
48.59002686,"Seychelles, 2016"
48.62473679,"Seychelles, 2017"
48.65491104,"Seychelles, 2018"
48.67353439,"Seychelles, 2019"
48.70957947,"Seychelles, 2020"
50.16878891,"Sierra Leone, 2015"
50.15345001,"Sierra Leone, 2016"
50.13739014,"Sierra Leone, 2017"
50.12127304,"Sierra Leone, 2018"
50.1056366,"Sierra Leone, 2019"
50.09093094,"Sierra Leone, 2020"
47.66793442,"Singapore, 2015"
47.66511917,"Singapore, 2016"
47.66187668,"Singapore, 2017"
47.65812683,"Singapore, 2018"
47.65598679,"Singapore, 2019"
47.6567955,"Singapore, 2020"
51.40909576,"Slovakia, 2015"
51.385952,"Slovakia, 2016"
51.3615799,"Slovakia, 2017"
51.33833313,"Slovakia, 2018"
51.3192749,"Slovakia, 2019"
51.30672455,"Slovakia, 2020"
50.30651474,"Slovenia, 2015"
50.28842545,"Slovenia, 2016"
50.26755524,"Slovenia, 2017"
50.24520874,"Slovenia, 2018"
50.22336578,"Slovenia, 2019"
50.20375824,"Slovenia, 2020"
49.1692543,"Solomon Islands, 2015"
49.16165924,"Solomon Islands, 2016"
49.15711594,"Solomon Islands, 2017"
49.15463638,"Solomon Islands, 2018"
49.15328217,"Solomon Islands, 2019"
49.1522522,"Solomon Islands, 2020"
50.1141243,"Somalia, 2015"
50.12212753,"Somalia, 2016"
50.12834549,"Somalia, 2017"
50.13335037,"Somalia, 2018"
50.13764954,"Somalia, 2019"
50.14171219,"Somalia, 2020"
50.64308167,"South Africa, 2015"
50.65491486,"South Africa, 2016"
50.67258453,"South Africa, 2017"
50.69414902,"South Africa, 2018"
50.71694565,"South Africa, 2019"
50.73907089,"South Africa, 2020"
48.32974625,"South Asia, 2015"
48.34282303,"South Asia, 2016"
48.35346603,"South Asia, 2017"
48.36200333,"South Asia, 2018"
48.36887741,"South Asia, 2019"
48.37477875,"South Asia, 2020"
49.89280319,"South Korea, 2015"
49.89793396,"South Korea, 2016"
49.90628052,"South Korea, 2017"
49.91688156,"South Korea, 2018"
49.92816925,"South Korea, 2019"
49.93902206,"South Korea, 2020"
49.97520065,"South Sudan, 2015"
49.96867752,"South Sudan, 2016"
49.96236801,"South Sudan, 2017"
49.95630264,"South Sudan, 2018"
49.95052338,"South Sudan, 2019"
49.94506454,"South Sudan, 2020"
50.89929581,"Spain, 2015"
50.92044067,"Spain, 2016"
50.91687393,"Spain, 2017"
50.89664078,"Spain, 2018"
50.87242508,"Spain, 2019"
50.85350418,"Spain, 2020"
51.80002594,"Sri Lanka, 2015"
51.86618805,"Sri Lanka, 2016"
51.92066574,"Sri Lanka, 2017"
51.96681595,"Sri Lanka, 2018"
52.00927353,"Sri Lanka, 2019"
52.05141068,"Sri Lanka, 2020"
50.14953232,"Sub-Saharan Africa, 2015"
50.13691711,"Sub-Saharan Africa, 2016"
50.12472916,"Sub-Saharan Africa, 2017"
50.11317825,"Sub-Saharan Africa, 2018"
50.10245132,"Sub-Saharan Africa, 2019"
50.09267044,"Sub-Saharan Africa, 2020"
50.06901169,"Sudan, 2015"
50.05894089,"Sudan, 2016"
50.05202484,"Sudan, 2017"
50.04741287,"Sudan, 2018"
50.04359055,"Sudan, 2019"
50.03954315,"Sudan, 2020"
49.68755341,"Suriname, 2015"
49.69754791,"Suriname, 2016"
49.70771408,"Suriname, 2017"
49.71709442,"Suriname, 2018"
49.72934341,"Suriname, 2019"
49.74345016,"Suriname, 2020"
50.01657486,"Sweden, 2015"
49.99023438,"Sweden, 2016"
49.96683884,"Sweden, 2017"
49.94577789,"Sweden, 2018"
49.92625427,"Sweden, 2019"
49.90779495,"Sweden, 2020"
50.50861359,"Switzerland, 2015"
50.47559738,"Switzerland, 2016"
50.44900131,"Switzerland, 2017"
50.42712402,"Switzerland, 2018"
50.40761185,"Switzerland, 2019"
50.38893509,"Switzerland, 2020"
49.62620926,"Syria, 2015"
49.6746788,"Syria, 2016"
49.73970795,"Syria, 2017"
49.8142128,"Syria, 2018"
49.88586044,"Syria, 2019"
49.94436646,"Syria, 2020"
49.54664612,"Tajikistan, 2015"
49.55739594,"Tajikistan, 2016"
49.57002258,"Tajikistan, 2017"
49.5838356,"Tajikistan, 2018"
49.59831238,"Tajikistan, 2019"
49.61293411,"Tajikistan, 2020"
50.08776093,"Tanzania, 2015"
50.07711792,"Tanzania, 2016"
50.06449509,"Tanzania, 2017"
50.05101013,"Tanzania, 2018"
50.03811646,"Tanzania, 2019"
50.02678299,"Tanzania, 2020"
51.16102219,"Thailand, 2015"
51.19652176,"Thailand, 2016"
51.23260498,"Thailand, 2017"
51.26870346,"Thailand, 2018"
51.304039,"Thailand, 2019"
51.33800888,"Thailand, 2020"
49.44896317,"Timor, 2015"
49.45103073,"Timor, 2016"
49.45473862,"Timor, 2017"
49.45846558,"Timor, 2018"
49.46277237,"Timor, 2019"
49.46747589,"Timor, 2020"
50.3130188,"Togo, 2015"
50.29797745,"Togo, 2016"
50.28287506,"Togo, 2017"
50.26804733,"Togo, 2018"
50.25405502,"Togo, 2019"
50.24115372,"Togo, 2020"
50.01686859,"Tonga, 2015"
50.01730347,"Tonga, 2016"
50.00392151,"Tonga, 2017"
49.9869194,"Tonga, 2018"
49.96411514,"Tonga, 2019"
49.94749069,"Tonga, 2020"
50.54359055,"Trinidad and Tobago, 2015"
50.55855942,"Trinidad and Tobago, 2016"
50.57432556,"Trinidad and Tobago, 2017"
50.59132767,"Trinidad and Tobago, 2018"
50.60951233,"Trinidad and Tobago, 2019"
50.62869263,"Trinidad and Tobago, 2020"
50.4324646,"Tunisia, 2015"
50.44984436,"Tunisia, 2016"
50.44926834,"Tunisia, 2017"
50.43715286,"Tunisia, 2018"
50.42224503,"Tunisia, 2019"
50.41085052,"Tunisia, 2020"
50.78269196,"Turkey, 2015"
50.75214005,"Turkey, 2016"
50.7150383,"Turkey, 2017"
50.67781448,"Turkey, 2018"
50.64856339,"Turkey, 2019"
50.63245773,"Turkey, 2020"
50.76494598,"Turkmenistan, 2015"
50.76113892,"Turkmenistan, 2016"
50.75984955,"Turkmenistan, 2017"
50.76073837,"Turkmenistan, 2018"
50.76335144,"Turkmenistan, 2019"
50.76740265,"Turkmenistan, 2020"
50.88165283,"Uganda, 2015"
50.85039139,"Uganda, 2016"
50.81406403,"Uganda, 2017"
50.77607727,"Uganda, 2018"
50.74007416,"Uganda, 2019"
50.70814133,"Uganda, 2020"
53.73729324,"Ukraine, 2015"
53.71612167,"Ukraine, 2016"
53.69992828,"Ukraine, 2017"
53.68775177,"Ukraine, 2018"
53.67734528,"Ukraine, 2019"
53.66703415,"Ukraine, 2020"
29.60242653,"United Arab Emirates, 2015"
30.15862083,"United Arab Emirates, 2016"
30.4802494,"United Arab Emirates, 2017"
30.63668823,"United Arab Emirates, 2018"
30.74266434,"United Arab Emirates, 2019"
30.87894249,"United Arab Emirates, 2020"
50.71147156,"United Kingdom, 2015"
50.6841011,"United Kingdom, 2016"
50.65887451,"United Kingdom, 2017"
50.63527298,"United Kingdom, 2018"
50.61253357,"United Kingdom, 2019"
50.59008789,"United Kingdom, 2020"
50.53821945,"United States, 2015"
50.52931213,"United States, 2016"
50.52338409,"United States, 2017"
50.52001572,"United States, 2018"
50.51848602,"United States, 2019"
50.51821518,"United States, 2020"
52.34683228,"United States Virgin Islands, 2015"
52.37291336,"United States Virgin Islands, 2016"
52.40822983,"United States Virgin Islands, 2017"
52.4371376,"United States Virgin Islands, 2018"
52.47229385,"United States Virgin Islands, 2019"
52.49992752,"United States Virgin Islands, 2020"
49.71236038,"Upper middle income, 2015"
49.72002029,"Upper middle income, 2016"
49.72721481,"Upper middle income, 2017"
49.7352066,"Upper middle income, 2018"
49.74455261,"Upper middle income, 2019"
49.75534821,"Upper middle income, 2020"
51.76829529,"Uruguay, 2015"
51.75420761,"Uruguay, 2016"
51.73839569,"Uruguay, 2017"
51.72154236,"Uruguay, 2018"
51.7036705,"Uruguay, 2019"
51.68486023,"Uruguay, 2020"
50.1873436,"Uzbekistan, 2015"
50.17029572,"Uzbekistan, 2016"
50.1533165,"Uzbekistan, 2017"
50.13735962,"Uzbekistan, 2018"
50.12352753,"Uzbekistan, 2019"
50.11258698,"Uzbekistan, 2020"
49.25902176,"Vanuatu, 2015"
49.2663269,"Vanuatu, 2016"
49.27722931,"Vanuatu, 2017"
49.2888031,"Vanuatu, 2018"
49.30072403,"Vanuatu, 2019"
49.31141281,"Vanuatu, 2020"
50.29153824,"Venezuela, 2015"
50.3849678,"Venezuela, 2016"
50.50405121,"Venezuela, 2017"
50.63325882,"Venezuela, 2018"
50.74585342,"Venezuela, 2019"
50.81952286,"Venezuela, 2020"
50.15222168,"Vietnam, 2015"
50.13236237,"Vietnam, 2016"
50.11343002,"Vietnam, 2017"
50.09640884,"Vietnam, 2018"
50.08262634,"Vietnam, 2019"
50.07297897,"Vietnam, 2020"
49.58451843,"World, 2015"
49.58453751,"World, 2016"
49.58376312,"World, 2017"
49.58293533,"World, 2018"
49.58270264,"World, 2019"
49.58375931,"World, 2020"
49.5952301,"Yemen, 2015"
49.59952164,"Yemen, 2016"
49.60519409,"Yemen, 2017"
49.61165619,"Yemen, 2018"
49.61825943,"Yemen, 2019"
49.62448502,"Yemen, 2020"
50.51963043,"Zambia, 2015"
50.50699234,"Zambia, 2016"
50.49867249,"Zambia, 2017"
50.49320602,"Zambia, 2018"
50.4887886,"Zambia, 2019"
50.48396683,"Zambia, 2020"
52.45061111,"Zimbabwe, 2015"
52.43018341,"Zimbabwe, 2016"
52.39696121,"Zimbabwe, 2017"
52.35675049,"Zimbabwe, 2018"
52.31732559,"Zimbabwe, 2019"
52.28389359,"Zimbabwe, 2020"
